ISO,Country,Subject Descriptor,Units,Scale,2016,2017,,,,,,,,,,,,,,,,2016,2017,,
AUS,Australia,Employment,Persons,Millions,n/a,n/a,,,,,,,,,,,,,,,,n/a,n/a,,
AUT,Austria,Employment,Persons,Millions,n/a,n/a,,,,,,,,,,,,,,,,n/a,n/a,,
BEL,Belgium,Employment,Persons,Millions,n/a,n/a,,,,,,,,,,,,,,,,n/a,n/a,,
CAN,Canada,Employment,Persons,Millions,n/a,n/a,,,,,,,,,,,,,,,,n/a,n/a,,
CYP,Cyprus,Employment,Persons,Millions,n/a,n/a,,,,,,,,,,,,,,,,n/a,n/a,,
CZE,Czech Republic,Employment,Persons,Millions,n/a,n/a,,,,,,,,,,,,,,,,n/a,n/a,,
DNK,Denmark,Employment,Persons,Millions,n/a,n/a,,,,,,,,,,,,,,,,n/a,n/a,,
EST,Estonia,Employment,Persons,Millions,n/a,n/a,,,,,,,,,,,,,,,,n/a,n/a,,
FIN,Finland,Employment,Persons,Millions,n/a,n/a,,,,,,,,,,,,,,,,n/a,n/a,,
FRA,France,Employment,Persons,Millions,n/a,n/a,,,,,,,,,,,,,,,,n/a,n/a,,
DEU,Germany,Employment,Persons,Millions,n/a,n/a,,,,,,,,,,,,,,,,n/a,n/a,,
GRC,Greece,Employment,Persons,Millions,n/a,n/a,,,,,,,,,,,,,,,,n/a,n/a,,
HKG,Hong Kong SAR,Employment,Persons,Millions,n/a,n/a,,,,,,,,,,,,,,,,n/a,n/a,,
ISL,Iceland,Employment,Persons,Millions,n/a,n/a,,,,,,,,,,,,,,,,n/a,n/a,,
IRL,Ireland,Employment,Persons,Millions,n/a,n/a,,,,,,,,,,,,,,,,n/a,n/a,,
ISR,Israel,Employment,Persons,Millions,n/a,n/a,,,,,,,,,,,,,,,,n/a,n/a,,
ITA,Italy,Employment,Persons,Millions,n/a,n/a,,,,,,,,,,,,,,,,n/a,n/a,,
JPN,Japan,Employment,Persons,Millions,n/a,n/a,,,,,,,,,,,,,,,,n/a,n/a,,
KOR,Korea,Employment,Persons,Millions,n/a,n/a,,,,,,,,,,,,,,,,n/a,n/a,,
LVA,Latvia,Employment,Persons,Millions,n/a,n/a,,,,,,,,,,,,,,,,n/a,n/a,,
LUX,Luxembourg,Employment,Persons,Millions,n/a,n/a,,,,,,,,,,,,,,,,n/a,n/a,,
MLT,Malta,Employment,Persons,Millions,n/a,n/a,,,,,,,,,,,,,,,,n/a,n/a,,
NLD,Netherlands,Employment,Persons,Millions,n/a,n/a,,,,,,,,,,,,,,,,n/a,n/a,,
NZL,New Zealand,Employment,Persons,Millions,n/a,n/a,,,,,,,,,,,,,,,,n/a,n/a,,
NOR,Norway,Employment,Persons,Millions,n/a,n/a,,,,,,,,,,,,,,,,n/a,n/a,,
PRT,Portugal,Employment,Persons,Millions,n/a,n/a,,,,,,,,,,,,,,,,n/a,n/a,,
SGP,Singapore,Employment,Persons,Millions,n/a,n/a,,,,,,,,,,,,,,,,n/a,n/a,,
SVK,Slovak Republic,Employment,Persons,Millions,n/a,n/a,,,,,,,,,,,,,,,,n/a,n/a,,
SVN,Slovenia,Employment,Persons,Millions,n/a,n/a,,,,,,,,,,,,,,,,n/a,n/a,,
ESP,Spain,Employment,Persons,Millions,n/a,n/a,,,,,,,,,,,,,,,,n/a,n/a,,
SWE,Sweden,Employment,Persons,Millions,n/a,n/a,,,,,,,,,,,,,,,,n/a,n/a,,
CHE,Switzerland,Employment,Persons,Millions,n/a,n/a,,,,,,,,,,,,,,,,n/a,n/a,,
TWN,Taiwan Province of China,Employment,Persons,Millions,n/a,n/a,,,,,,,,,,,,,,,,n/a,n/a,,
GBR,United Kingdom,Employment,Persons,Millions,n/a,n/a,,,,,,,,,,,,,,,,n/a,n/a,,
USA,United States,Employment,Persons,Millions,n/a,n/a,,,,,,,,,,,,,,,,n/a,n/a,,
AFG,Afghanistan,"Gross domestic product, constant prices",National currency,Billions,516.838,542.993,,,,,,,,,,,,,,,,516.838,542.993,,
ALB,Albania,"Gross domestic product, constant prices",National currency,Billions,745.262,778.799,,,,,,,,,,,,,,,,745.262,778.799,,
DZA,Algeria,"Gross domestic product, constant prices",National currency,Billions,"7,404.38","7,718.58",,,,,,,,,,,,,,,,"7,404.38","7,718.58",,
AGO,Angola,"Gross domestic product, constant prices",National currency,Billions,"1,792.34","1,850.95",,,,,,,,,,,,,,,,"1,792.34","1,850.95",,
ATG,Antigua and Barbuda,"Gross domestic product, constant prices",National currency,Billions,2.515,2.57,,,,,,,,,,,,,,,,2.515,2.57,,
ARG,Argentina,"Gross domestic product, constant prices",National currency,Billions,502.992,513.052,,,,,,,,,,,,,,,,502.992,513.052,,
ARM,Armenia,"Gross domestic product, constant prices",National currency,Billions,"3,577.98","3,756.88",,,,,,,,,,,,,,,,"3,577.98","3,756.88",,
AUS,Australia,"Gross domestic product, constant prices",National currency,Billions,"1,676.41","1,726.21",,,,,,,,,,,,,,,,"1,676.41","1,726.21",,
AUT,Austria,"Gross domestic product, constant prices",National currency,Billions,286.568,290.682,,,,,,,,,,,,,,,,286.568,290.682,,
AZE,Azerbaijan,"Gross domestic product, constant prices",National currency,Billions,26.15,26.993,,,,,,,,,,,,,,,,26.15,26.993,,
BHS,The Bahamas,"Gross domestic product, constant prices",National currency,Billions,8.709,8.926,,,,,,,,,,,,,,,,8.709,8.926,,
BHR,Bahrain,"Gross domestic product, constant prices",National currency,Billions,11.95,12.365,,,,,,,,,,,,,,,,11.95,12.365,,
BGD,Bangladesh,"Gross domestic product, constant prices",National currency,Billions,"7,657.79","8,193.83",,,,,,,,,,,,,,,,"7,657.79","8,193.83",,
BRB,Barbados,"Gross domestic product, constant prices",National currency,Billions,1.082,1.102,,,,,,,,,,,,,,,,1.082,1.102,,
BLR,Belarus,"Gross domestic product, constant prices",National currency,Billions,"171,602.84","176,184.30",,,,,,,,,,,,,,,,"171,602.84","176,184.30",,
BEL,Belgium,"Gross domestic product, constant prices",National currency,Billions,383.597,388.786,,,,,,,,,,,,,,,,383.597,388.786,,
BLZ,Belize,"Gross domestic product, constant prices",National currency,Billions,2.861,2.932,,,,,,,,,,,,,,,,2.861,2.932,,
BEN,Benin,"Gross domestic product, constant prices",National currency,Billions,"3,297.49","3,456.01",,,,,,,,,,,,,,,,"3,297.49","3,456.01",,
BTN,Bhutan,"Gross domestic product, constant prices",National currency,Billions,65.534,71.181,,,,,,,,,,,,,,,,65.534,71.181,,
BOL,Bolivia,"Gross domestic product, constant prices",National currency,Billions,44.607,46.838,,,,,,,,,,,,,,,,44.607,46.838,,
BIH,Bosnia and Herzegovina,"Gross domestic product, constant prices",National currency,Billions,27.411,28.507,,,,,,,,,,,,,,,,27.411,28.507,,
BWA,Botswana,"Gross domestic product, constant prices",National currency,Billions,86.481,89.965,,,,,,,,,,,,,,,,86.481,89.965,,
BRA,Brazil,"Gross domestic product, constant prices",National currency,Billions,"1,270.68","1,310.65",,,,,,,,,,,,,,,,"1,270.68","1,310.65",,
BRN,Brunei Darussalam,"Gross domestic product, constant prices",National currency,Billions,13.757,14.516,,,,,,,,,,,,,,,,13.757,14.516,,
BGR,Bulgaria,"Gross domestic product, constant prices",National currency,Billions,57.591,59.319,,,,,,,,,,,,,,,,57.591,59.319,,
BFA,Burkina Faso,"Gross domestic product, constant prices",National currency,Billions,"4,990.59","5,339.28",,,,,,,,,,,,,,,,"4,990.59","5,339.28",,
BDI,Burundi,"Gross domestic product, constant prices",National currency,Billions,"1,966.79","2,068.87",,,,,,,,,,,,,,,,"1,966.79","2,068.87",,
CPV,Cabo Verde,"Gross domestic product, constant prices",National currency,Billions,152.52,158.605,,,,,,,,,,,,,,,,152.52,158.605,,
KHM,Cambodia,"Gross domestic product, constant prices",National currency,Billions,"46,214.77","49,698.51",,,,,,,,,,,,,,,,"46,214.77","49,698.51",,
CMR,Cameroon,"Gross domestic product, constant prices",National currency,Billions,"12,121.29","12,765.02",,,,,,,,,,,,,,,,"12,121.29","12,765.02",,
CAN,Canada,"Gross domestic product, constant prices",National currency,Billions,"1,816.68","1,857.04",,,,,,,,,,,,,,,,"1,816.68","1,857.04",,
CAF,Central African Republic,"Gross domestic product, constant prices",National currency,Billions,642.32,678.933,,,,,,,,,,,,,,,,642.32,678.933,,
TCD,Chad,"Gross domestic product, constant prices",National currency,Billions,"6,248.59","6,473.02",,,,,,,,,,,,,,,,"6,248.59","6,473.02",,
CHL,Chile,"Gross domestic product, constant prices",National currency,Billions,"128,269.29","134,041.41",,,,,,,,,,,,,,,,"128,269.29","134,041.41",,
CHN,China,"Gross domestic product, constant prices",National currency,Billions,"22,110.07","23,605.00",,,,,,,,,,,,,,,,"22,110.07","23,605.00",,
COL,Colombia,"Gross domestic product, constant prices",National currency,Billions,"561,383.94","586,649.92",,,,,,,,,,,,,,,,"561,383.94","586,649.92",,
COM,Comoros,"Gross domestic product, constant prices",National currency,Billions,161.552,168.015,,,,,,,,,,,,,,,,161.552,168.015,,
COD,Democratic Republic of the Congo,"Gross domestic product, constant prices",National currency,Billions,"11,742.70","12,595.36",,,,,,,,,,,,,,,,"11,742.70","12,595.36",,
COG,Republic of Congo,"Gross domestic product, constant prices",National currency,Billions,"1,917.43","2,126.38",,,,,,,,,,,,,,,,"1,917.43","2,126.38",,
CRI,Costa Rica,"Gross domestic product, constant prices",National currency,Billions,"2,792.86","2,918.54",,,,,,,,,,,,,,,,"2,792.86","2,918.54",,
CIV,Côte d'Ivoire,"Gross domestic product, constant prices",National currency,Billions,"11,716.38","12,577.86",,,,,,,,,,,,,,,,"11,716.38","12,577.86",,
HRV,Croatia,"Gross domestic product, constant prices",National currency,Billions,267.341,272.527,,,,,,,,,,,,,,,,267.341,272.527,,
CYP,Cyprus,"Gross domestic product, constant prices",National currency,Billions,13.618,13.937,,,,,,,,,,,,,,,,13.618,13.937,,
CZE,Czech Republic,"Gross domestic product, constant prices",National currency,Billions,"3,772.62","3,858.74",,,,,,,,,,,,,,,,"3,772.62","3,858.74",,
DNK,Denmark,"Gross domestic product, constant prices",National currency,Billions,"1,633.92","1,661.40",,,,,,,,,,,,,,,,"1,633.92","1,661.40",,
DJI,Djibouti,"Gross domestic product, constant prices",National currency,Billions,136.045,144.888,,,,,,,,,,,,,,,,136.045,144.888,,
DMA,Dominica,"Gross domestic product, constant prices",National currency,Billions,1.242,1.269,,,,,,,,,,,,,,,,1.242,1.269,,
DOM,Dominican Republic,"Gross domestic product, constant prices",National currency,Billions,472.115,490.999,,,,,,,,,,,,,,,,472.115,490.999,,
ECU,Ecuador,"Gross domestic product, constant prices",National currency,Billions,74.451,77.057,,,,,,,,,,,,,,,,74.451,77.057,,
EGY,Egypt,"Gross domestic product, constant prices",National currency,Billions,675.12,701.845,,,,,,,,,,,,,,,,675.12,701.845,,
SLV,El Salvador,"Gross domestic product, constant prices",National currency,Billions,10.106,10.308,,,,,,,,,,,,,,,,10.106,10.308,,
GNQ,Equatorial Guinea,"Gross domestic product, constant prices",National currency,Billions,"4,534.72","4,284.38",,,,,,,,,,,,,,,,"4,534.72","4,284.38",,
ERI,Eritrea,"Gross domestic product, constant prices",National currency,Billions,9.305,9.491,,,,,,,,,,,,,,,,9.305,9.491,,
EST,Estonia,"Gross domestic product, constant prices",National currency,Billions,14.029,14.532,,,,,,,,,,,,,,,,14.029,14.532,,
ETH,Ethiopia,"Gross domestic product, constant prices",National currency,Billions,687.035,735.237,,,,,,,,,,,,,,,,687.035,735.237,,
FJI,Fiji,"Gross domestic product, constant prices",National currency,Billions,5.532,5.661,,,,,,,,,,,,,,,,5.532,5.661,,
FIN,Finland,"Gross domestic product, constant prices",National currency,Billions,162.273,164.93,,,,,,,,,,,,,,,,162.273,164.93,,
FRA,France,"Gross domestic product, constant prices",National currency,Billions,"1,892.23","1,926.67",,,,,,,,,,,,,,,,"1,892.23","1,926.67",,
GAB,Gabon,"Gross domestic product, constant prices",National currency,Billions,"6,105.73","6,479.27",,,,,,,,,,,,,,,,"6,105.73","6,479.27",,
GMB,The Gambia,"Gross domestic product, constant prices",National currency,Billions,28.099,29.646,,,,,,,,,,,,,,,,28.099,29.646,,
GEO,Georgia,"Gross domestic product, constant prices",National currency,Billions,14.962,15.708,,,,,,,,,,,,,,,,14.962,15.708,,
DEU,Germany,"Gross domestic product, constant prices",National currency,Billions,"2,604.42","2,639.87",,,,,,,,,,,,,,,,"2,604.42","2,639.87",,
GHA,Ghana,"Gross domestic product, constant prices",National currency,Billions,37.892,40.719,,,,,,,,,,,,,,,,37.892,40.719,,
GRC,Greece,"Gross domestic product, constant prices",National currency,Billions,172.848,178.871,,,,,,,,,,,,,,,,172.848,178.871,,
GRD,Grenada,"Gross domestic product, constant prices",National currency,Billions,1.962,2.001,,,,,,,,,,,,,,,,1.962,2.001,,
GTM,Guatemala,"Gross domestic product, constant prices",National currency,Billions,245.677,254.275,,,,,,,,,,,,,,,,245.677,254.275,,
GIN,Guinea,"Gross domestic product, constant prices",National currency,Billions,"10,233.67","10,764.83",,,,,,,,,,,,,,,,"10,233.67","10,764.83",,
GNB,Guinea-Bissau,"Gross domestic product, constant prices",National currency,Billions,405.924,422.547,,,,,,,,,,,,,,,,405.924,422.547,,
GUY,Guyana,"Gross domestic product, constant prices",National currency,Billions,407.507,425.183,,,,,,,,,,,,,,,,407.507,425.183,,
HTI,Haiti,"Gross domestic product, constant prices",National currency,Billions,16.902,17.577,,,,,,,,,,,,,,,,16.902,17.577,,
HND,Honduras,"Gross domestic product, constant prices",National currency,Billions,193.737,199.549,,,,,,,,,,,,,,,,193.737,199.549,,
HKG,Hong Kong SAR,"Gross domestic product, constant prices",National currency,Billions,"2,264.36","2,353.18",,,,,,,,,,,,,,,,"2,264.36","2,353.18",,
HUN,Hungary,"Gross domestic product, constant prices",National currency,Billions,"23,193.65","23,590.21",,,,,,,,,,,,,,,,"23,193.65","23,590.21",,
ISL,Iceland,"Gross domestic product, constant prices",National currency,Billions,990.376,"1,019.80",,,,,,,,,,,,,,,,990.376,"1,019.80",,
IND,India,"Gross domestic product, constant prices",National currency,Billions,"73,496.53","78,384.03",,,,,,,,,,,,,,,,"73,496.53","78,384.03",,
IDN,Indonesia,"Gross domestic product, constant prices",National currency,Billions,"3,273,405.08","3,469,809.38",,,,,,,,,,,,,,,,"3,273,405.08","3,469,809.38",,
IRN,Islamic Republic of Iran,"Gross domestic product, constant prices",National currency,Billions,"548,973.01","561,741.86",,,,,,,,,,,,,,,,"548,973.01","561,741.86",,
IRQ,Iraq,"Gross domestic product, constant prices",National currency,Billions,"89,448.44","97,379.91",,,,,,,,,,,,,,,,"89,448.44","97,379.91",,
IRL,Ireland,"Gross domestic product, constant prices",National currency,Billions,173.393,177.75,,,,,,,,,,,,,,,,173.393,177.75,,
ISR,Israel,"Gross domestic product, constant prices",National currency,Billions,"1,067.65","1,104.90",,,,,,,,,,,,,,,,"1,067.65","1,104.90",,
ITA,Italy,"Gross domestic product, constant prices",National currency,Billions,"1,406.93","1,423.11",,,,,,,,,,,,,,,,"1,406.93","1,423.11",,
JAM,Jamaica,"Gross domestic product, constant prices",National currency,Billions,772.531,791.265,,,,,,,,,,,,,,,,772.531,791.265,,
JPN,Japan,"Gross domestic product, constant prices",National currency,Billions,"541,222.19","546,592.26",,,,,,,,,,,,,,,,"541,222.19","546,592.26",,
JOR,Jordan,"Gross domestic product, constant prices",National currency,Billions,12.212,12.762,,,,,,,,,,,,,,,,12.212,12.762,,
KAZ,Kazakhstan,"Gross domestic product, constant prices",National currency,Billions,"20,431.77","21,557.24",,,,,,,,,,,,,,,,"20,431.77","21,557.24",,
KEN,Kenya,"Gross domestic product, constant prices",National currency,Billions,"2,008.48","2,137.69",,,,,,,,,,,,,,,,"2,008.48","2,137.69",,
KIR,Kiribati,"Gross domestic product, constant prices",National currency,Billions,0.176,0.179,,,,,,,,,,,,,,,,0.176,0.179,,
KOR,Korea,"Gross domestic product, constant prices",National currency,Billions,"1,267,754.89","1,316,182.59",,,,,,,,,,,,,,,,"1,267,754.89","1,316,182.59",,
UVK,Kosovo,"Gross domestic product, constant prices",National currency,Billions,5.752,6.011,,,,,,,,,,,,,,,,5.752,6.011,,
KWT,Kuwait,"Gross domestic product, constant prices",National currency,Billions,22.412,23.275,,,,,,,,,,,,,,,,22.412,23.275,,
KGZ,Kyrgyz Republic,"Gross domestic product, constant prices",National currency,Billions,42.005,44.142,,,,,,,,,,,,,,,,42.005,44.142,,
LAO,Lao P.D.R.,"Gross domestic product, constant prices",National currency,Billions,"49,707.28","53,525.41",,,,,,,,,,,,,,,,"49,707.28","53,525.41",,
LVA,Latvia,"Gross domestic product, constant prices",National currency,Billions,16.646,17.331,,,,,,,,,,,,,,,,16.646,17.331,,
LBN,Lebanon,"Gross domestic product, constant prices",National currency,Billions,"49,847.03","51,840.91",,,,,,,,,,,,,,,,"49,847.03","51,840.91",,
LSO,Lesotho,"Gross domestic product, constant prices",National currency,Billions,14.23,14.995,,,,,,,,,,,,,,,,14.23,14.995,,
LBR,Liberia,"Gross domestic product, constant prices",National currency,Billions,1.11,1.195,,,,,,,,,,,,,,,,1.11,1.195,,
LBY,Libya,"Gross domestic product, constant prices",National currency,Billions,50.242,55.132,,,,,,,,,,,,,,,,50.242,55.132,,
LTU,Lithuania,"Gross domestic product, constant prices",National currency,Billions,95.896,99.41,,,,,,,,,,,,,,,,95.896,99.41,,
LUX,Luxembourg,"Gross domestic product, constant prices",National currency,Billions,35.986,36.786,,,,,,,,,,,,,,,,35.986,36.786,,
MKD,FYR Macedonia,"Gross domestic product, constant prices",National currency,Billions,411.534,427.931,,,,,,,,,,,,,,,,411.534,427.931,,
MDG,Madagascar,"Gross domestic product, constant prices",National currency,Billions,"8,175.72","8,587.39",,,,,,,,,,,,,,,,"8,175.72","8,587.39",,
MWI,Malawi,"Gross domestic product, constant prices",National currency,Billions,862.638,916.351,,,,,,,,,,,,,,,,862.638,916.351,,
MYS,Malaysia,"Gross domestic product, constant prices",National currency,Billions,912.431,958.053,,,,,,,,,,,,,,,,912.431,958.053,,
MDV,Maldives,"Gross domestic product, constant prices",National currency,Billions,24.258,25.4,,,,,,,,,,,,,,,,24.258,25.4,,
MLI,Mali,"Gross domestic product, constant prices",National currency,Billions,"2,102.75","2,199.84",,,,,,,,,,,,,,,,"2,102.75","2,199.84",,
MLT,Malta,"Gross domestic product, constant prices",National currency,Billions,6.088,6.186,,,,,,,,,,,,,,,,6.088,6.186,,
MHL,Marshall Islands,"Gross domestic product, constant prices",National currency,Billions,0.162,0.164,,,,,,,,,,,,,,,,0.162,0.164,,
MRT,Mauritania,"Gross domestic product, constant prices",National currency,Billions,525.817,571.095,,,,,,,,,,,,,,,,525.817,571.095,,
MUS,Mauritius,"Gross domestic product, constant prices",National currency,Billions,224.049,233.125,,,,,,,,,,,,,,,,224.049,233.125,,
MEX,Mexico,"Gross domestic product, constant prices",National currency,Billions,"14,822.72","15,379.20",,,,,,,,,,,,,,,,"14,822.72","15,379.20",,
FSM,Micronesia,"Gross domestic product, constant prices",National currency,Billions,0.254,0.255,,,,,,,,,,,,,,,,0.254,0.255,,
MDA,Moldova,"Gross domestic product, constant prices",National currency,Billions,12.293,12.785,,,,,,,,,,,,,,,,12.293,12.785,,
MNG,Mongolia,"Gross domestic product, constant prices",National currency,Billions,"7,898.66","8,608.63",,,,,,,,,,,,,,,,"7,898.66","8,608.63",,
MNE,Montenegro,"Gross domestic product, constant prices",National currency,Billions,2.775,2.856,,,,,,,,,,,,,,,,2.775,2.856,,
MAR,Morocco,"Gross domestic product, constant prices",National currency,Billions,820.542,864.737,,,,,,,,,,,,,,,,820.542,864.737,,
MOZ,Mozambique,"Gross domestic product, constant prices",National currency,Billions,220.603,238.105,,,,,,,,,,,,,,,,220.603,238.105,,
MMR,Myanmar,"Gross domestic product, constant prices",National currency,Billions,"61,019.71","65,779.25",,,,,,,,,,,,,,,,"61,019.71","65,779.25",,
NAM,Namibia,"Gross domestic product, constant prices",National currency,Billions,55.81,58.406,,,,,,,,,,,,,,,,55.81,58.406,,
NPL,Nepal,"Gross domestic product, constant prices",National currency,Billions,793.732,833.08,,,,,,,,,,,,,,,,793.732,833.08,,
NLD,Netherlands,"Gross domestic product, constant prices",National currency,Billions,566.199,576.577,,,,,,,,,,,,,,,,566.199,576.577,,
NZL,New Zealand,"Gross domestic product, constant prices",National currency,Billions,164.343,168.517,,,,,,,,,,,,,,,,164.343,168.517,,
NIC,Nicaragua,"Gross domestic product, constant prices",National currency,Billions,171.657,178.523,,,,,,,,,,,,,,,,171.657,178.523,,
NER,Niger,"Gross domestic product, constant prices",National currency,Billions,"3,035.29","3,397.18",,,,,,,,,,,,,,,,"3,035.29","3,397.18",,
NGA,Nigeria,"Gross domestic product, constant prices",National currency,Billions,"16,472.86","17,610.10",,,,,,,,,,,,,,,,"16,472.86","17,610.10",,
NOR,Norway,"Gross domestic product, constant prices",National currency,Billions,"3,013.12","3,074.77",,,,,,,,,,,,,,,,"3,013.12","3,074.77",,
OMN,Oman,"Gross domestic product, constant prices",National currency,Billions,15.45,16.043,,,,,,,,,,,,,,,,15.45,16.043,,
PAK,Pakistan,"Gross domestic product, constant prices",National currency,Billions,"10,961.57","11,477.08",,,,,,,,,,,,,,,,"10,961.57","11,477.08",,
PLW,Palau,"Gross domestic product, constant prices",National currency,Billions,0.213,0.218,,,,,,,,,,,,,,,,0.213,0.218,,
PAN,Panama,"Gross domestic product, constant prices",National currency,Billions,33.962,36.068,,,,,,,,,,,,,,,,33.962,36.068,,
PNG,Papua New Guinea,"Gross domestic product, constant prices",National currency,Billions,19.204,19.855,,,,,,,,,,,,,,,,19.204,19.855,,
PRY,Paraguay,"Gross domestic product, constant prices",National currency,Billions,"30,568.26","31,943.83",,,,,,,,,,,,,,,,"30,568.26","31,943.83",,
PER,Peru,"Gross domestic product, constant prices",National currency,Billions,295.991,313.159,,,,,,,,,,,,,,,,295.991,313.159,,
PHL,Philippines,"Gross domestic product, constant prices",National currency,Billions,"8,145.89","8,635.80",,,,,,,,,,,,,,,,"8,145.89","8,635.80",,
POL,Poland,"Gross domestic product, constant prices",National currency,Billions,"1,474.08","1,526.31",,,,,,,,,,,,,,,,"1,474.08","1,526.31",,
PRT,Portugal,"Gross domestic product, constant prices",National currency,Billions,160.316,163.202,,,,,,,,,,,,,,,,160.316,163.202,,
QAT,Qatar,"Gross domestic product, constant prices",National currency,Billions,440.806,472.401,,,,,,,,,,,,,,,,440.806,472.401,,
ROU,Romania,"Gross domestic product, constant prices",National currency,Billions,377.032,389.702,,,,,,,,,,,,,,,,377.032,389.702,,
RUS,Russia,"Gross domestic product, constant prices",National currency,Billions,"46,165.47","47,319.60",,,,,,,,,,,,,,,,"46,165.47","47,319.60",,
RWA,Rwanda,"Gross domestic product, constant prices",National currency,Billions,"3,565.83","3,833.27",,,,,,,,,,,,,,,,"3,565.83","3,833.27",,
WSM,Samoa,"Gross domestic product, constant prices",National currency,Billions,1.155,1.149,,,,,,,,,,,,,,,,1.155,1.149,,
SMR,San Marino,"Gross domestic product, constant prices",National currency,Billions,1.42,1.457,,,,,,,,,,,,,,,,1.42,1.457,,
STP,São Tomé and Príncipe,"Gross domestic product, constant prices",National currency,Billions,"1,320.14","1,399.35",,,,,,,,,,,,,,,,"1,320.14","1,399.35",,
SAU,Saudi Arabia,"Gross domestic product, constant prices",National currency,Billions,"1,438.24","1,499.18",,,,,,,,,,,,,,,,"1,438.24","1,499.18",,
SEN,Senegal,"Gross domestic product, constant prices",National currency,Billions,"6,306.42","6,628.62",,,,,,,,,,,,,,,,"6,306.42","6,628.62",,
SRB,Serbia,"Gross domestic product, constant prices",National currency,Billions,"3,087.61","3,164.80",,,,,,,,,,,,,,,,"3,087.61","3,164.80",,
SYC,Seychelles,"Gross domestic product, constant prices",National currency,Billions,8.14,8.433,,,,,,,,,,,,,,,,8.14,8.433,,
SLE,Sierra Leone,"Gross domestic product, constant prices",National currency,Billions,"13,184.97","13,874.43",,,,,,,,,,,,,,,,"13,184.97","13,874.43",,
SGP,Singapore,"Gross domestic product, constant prices",National currency,Billions,361.238,374.267,,,,,,,,,,,,,,,,361.238,374.267,,
SVK,Slovak Republic,"Gross domestic product, constant prices",National currency,Billions,71.492,74.065,,,,,,,,,,,,,,,,71.492,74.065,,
SVN,Slovenia,"Gross domestic product, constant prices",National currency,Billions,24.139,24.564,,,,,,,,,,,,,,,,24.139,24.564,,
SLB,Solomon Islands,"Gross domestic product, constant prices",National currency,Billions,4.977,5.152,,,,,,,,,,,,,,,,4.977,5.152,,
ZAF,South Africa,"Gross domestic product, constant prices",National currency,Billions,"2,160.57","2,226.20",,,,,,,,,,,,,,,,"2,160.57","2,226.20",,
SSD,South Sudan,"Gross domestic product, constant prices",National currency,Billions,33.787,34.898,,,,,,,,,,,,,,,,33.787,34.898,,
ESP,Spain,"Gross domestic product, constant prices",National currency,Billions,"1,045.13","1,057.38",,,,,,,,,,,,,,,,"1,045.13","1,057.38",,
LKA,Sri Lanka,"Gross domestic product, constant prices",National currency,Billions,"3,965.43","4,223.18",,,,,,,,,,,,,,,,"3,965.43","4,223.18",,
KNA,St. Kitts and Nevis,"Gross domestic product, constant prices",National currency,Billions,1.59,1.64,,,,,,,,,,,,,,,,1.59,1.64,,
LCA,St. Lucia,"Gross domestic product, constant prices",National currency,Billions,3.038,3.094,,,,,,,,,,,,,,,,3.038,3.094,,
VCT,St. Vincent and the Grenadines,"Gross domestic product, constant prices",National currency,Billions,1.568,1.619,,,,,,,,,,,,,,,,1.568,1.619,,
SDN,Sudan,"Gross domestic product, constant prices",National currency,Billions,116.074,122.103,,,,,,,,,,,,,,,,116.074,122.103,,
SUR,Suriname,"Gross domestic product, constant prices",National currency,Billions,11.762,12.308,,,,,,,,,,,,,,,,11.762,12.308,,
SWZ,Swaziland,"Gross domestic product, constant prices",National currency,Billions,14.671,14.975,,,,,,,,,,,,,,,,14.671,14.975,,
SWE,Sweden,"Gross domestic product, constant prices",National currency,Billions,"3,896.55","3,990.66",,,,,,,,,,,,,,,,"3,896.55","3,990.66",,
CHE,Switzerland,"Gross domestic product, constant prices",National currency,Billions,594.751,606.765,,,,,,,,,,,,,,,,594.751,606.765,,
SYR,Syria,"Gross domestic product, constant prices",National currency,Billions,n/a,n/a,,,,,,,,,,,,,,,,n/a,n/a,,
TWN,Taiwan Province of China,"Gross domestic product, constant prices",National currency,Billions,"17,134.40","17,880.31",,,,,,,,,,,,,,,,"17,134.40","17,880.31",,
TJK,Tajikistan,"Gross domestic product, constant prices",National currency,Billions,0.236,0.25,,,,,,,,,,,,,,,,0.236,0.25,,
TZA,Tanzania,"Gross domestic product, constant prices",National currency,Billions,"25,173.85","26,927.83",,,,,,,,,,,,,,,,"25,173.85","26,927.83",,
THA,Thailand,"Gross domestic product, constant prices",National currency,Billions,"5,616.64","5,882.31",,,,,,,,,,,,,,,,"5,616.64","5,882.31",,
TLS,Timor-Leste,"Gross domestic product, constant prices",National currency,Billions,1.618,1.786,,,,,,,,,,,,,,,,1.618,1.786,,
TGO,Togo,"Gross domestic product, constant prices",National currency,Billions,"1,595.81","1,688.36",,,,,,,,,,,,,,,,"1,595.81","1,688.36",,
TON,Tonga,"Gross domestic product, constant prices",National currency,Billions,0.832,0.847,,,,,,,,,,,,,,,,0.832,0.847,,
TTO,Trinidad and Tobago,"Gross domestic product, constant prices",National currency,Billions,94.766,96.252,,,,,,,,,,,,,,,,94.766,96.252,,
TUN,Tunisia,"Gross domestic product, constant prices",National currency,Billions,61.186,63.94,,,,,,,,,,,,,,,,61.186,63.94,,
TUR,Turkey,"Gross domestic product, constant prices",National currency,Billions,133.83,138.494,,,,,,,,,,,,,,,,133.83,138.494,,
TKM,Turkmenistan,"Gross domestic product, constant prices",National currency,Billions,56.04,60.429,,,,,,,,,,,,,,,,56.04,60.429,,
TUV,Tuvalu,"Gross domestic product, constant prices",National currency,Billions,0.036,0.037,,,,,,,,,,,,,,,,0.036,0.037,,
UGA,Uganda,"Gross domestic product, constant prices",National currency,Billions,"29,453.14","31,566.56",,,,,,,,,,,,,,,,"29,453.14","31,566.56",,
UKR,Ukraine,"Gross domestic product, constant prices",National currency,Billions,n/a,n/a,,,,,,,,,,,,,,,,n/a,n/a,,
ARE,United Arab Emirates,"Gross domestic product, constant prices",National currency,Billions,"1,213.96","1,262.13",,,,,,,,,,,,,,,,"1,213.96","1,262.13",,
GBR,United Kingdom,"Gross domestic product, constant prices",National currency,Billions,"1,653.36","1,690.65",,,,,,,,,,,,,,,,"1,653.36","1,690.65",,
USA,United States,"Gross domestic product, constant prices",National currency,Billions,"17,181.92","17,681.17",,,,,,,,,,,,,,,,"17,181.92","17,681.17",,
URY,Uruguay,"Gross domestic product, constant prices",National currency,Billions,709.917,735.55,,,,,,,,,,,,,,,,709.917,735.55,,
UZB,Uzbekistan,"Gross domestic product, constant prices",National currency,Billions,"1,092.10","1,152.17",,,,,,,,,,,,,,,,"1,092.10","1,152.17",,
VUT,Vanuatu,"Gross domestic product, constant prices",National currency,Billions,68.387,71.327,,,,,,,,,,,,,,,,68.387,71.327,,
VEN,Venezuela,"Gross domestic product, constant prices",National currency,Billions,61.707,62.324,,,,,,,,,,,,,,,,61.707,62.324,,
VNM,Vietnam,"Gross domestic product, constant prices",National currency,Billions,"3,003,797.65","3,181,021.71",,,,,,,,,,,,,,,,"3,003,797.65","3,181,021.71",,
YEM,Yemen,"Gross domestic product, constant prices",National currency,Billions,414.779,430.865,,,,,,,,,,,,,,,,414.779,430.865,,
ZMB,Zambia,"Gross domestic product, constant prices",National currency,Billions,26.065,27.791,,,,,,,,,,,,,,,,26.065,27.791,,
ZWE,Zimbabwe,"Gross domestic product, constant prices",National currency,Billions,13.209,13.753,,,,,,,,,,,,,,,,13.209,13.753,,
AFG,Afghanistan,"Inflation, average consumer prices",Index,,139.218,146.179,,,,,,,,,,,,,,,,139.218,146.179,,
ALB,Albania,"Inflation, average consumer prices",Index,,125.24,128.997,,,,,,,,,,,,,,,,125.24,128.997,,
DZA,Algeria,"Inflation, average consumer prices",Index,,180.085,187.289,,,,,,,,,,,,,,,,180.085,187.289,,
AGO,Angola,"Inflation, average consumer prices",Index,,157.778,169.036,,,,,,,,,,,,,,,,157.778,169.036,,
ATG,Antigua and Barbuda,"Inflation, average consumer prices",Index,,138.846,142.286,,,,,,,,,,,,,,,,138.846,142.286,,
ARG,Argentina,"Inflation, average consumer prices",Index,,n/a,n/a,,,,,,,,,,,,,,,,n/a,n/a,,
ARM,Armenia,"Inflation, average consumer prices",Index,,298.183,310.111,,,,,,,,,,,,,,,,298.183,310.111,,
AUS,Australia,"Inflation, average consumer prices",Index,,111.194,113.983,,,,,,,,,,,,,,,,111.194,113.983,,
AUT,Austria,"Inflation, average consumer prices",Index,,125.089,127.215,,,,,,,,,,,,,,,,125.089,127.215,,
AZE,Azerbaijan,"Inflation, average consumer prices",Index,,293.98,308.532,,,,,,,,,,,,,,,,293.98,308.532,,
BHS,The Bahamas,"Inflation, average consumer prices",Index,,113.141,114.659,,,,,,,,,,,,,,,,113.141,114.659,,
BHR,Bahrain,"Inflation, average consumer prices",Index,,127.425,130.793,,,,,,,,,,,,,,,,127.425,130.793,,
BGD,Bangladesh,"Inflation, average consumer prices",Index,,222.617,236.141,,,,,,,,,,,,,,,,222.617,236.141,,
BRB,Barbados,"Inflation, average consumer prices",Index,,184.18,188.487,,,,,,,,,,,,,,,,184.18,188.487,,
BLR,Belarus,"Inflation, average consumer prices",Index,,732.87,850.862,,,,,,,,,,,,,,,,732.87,850.862,,
BEL,Belgium,"Inflation, average consumer prices",Index,,123.603,125.234,,,,,,,,,,,,,,,,123.603,125.234,,
BLZ,Belize,"Inflation, average consumer prices",Index,,139.792,142.587,,,,,,,,,,,,,,,,139.792,142.587,,
BEN,Benin,"Inflation, average consumer prices",Index,,122.025,125.441,,,,,,,,,,,,,,,,122.025,125.441,,
BTN,Bhutan,"Inflation, average consumer prices",Index,,"1,341.12","1,433.82",,,,,,,,,,,,,,,,"1,341.12","1,433.82",,
BOL,Bolivia,"Inflation, average consumer prices",Index,,170.223,178.754,,,,,,,,,,,,,,,,170.223,178.754,,
BIH,Bosnia and Herzegovina,"Inflation, average consumer prices",Index,,149.502,152.492,,,,,,,,,,,,,,,,149.502,152.492,,
BWA,Botswana,"Inflation, average consumer prices",Index,,310.547,320.485,,,,,,,,,,,,,,,,310.547,320.485,,
BRA,Brazil,"Inflation, average consumer prices",Index,,"28,838,046,628,467.80","30,323,849,083,904.20",,,,,,,,,,,,,,,,"28,838,046,628,467.80","30,323,849,083,904.20",,
BRN,Brunei Darussalam,"Inflation, average consumer prices",Index,,102.22,102.792,,,,,,,,,,,,,,,,102.22,102.792,,
BGR,Bulgaria,"Inflation, average consumer prices",Index,,148.528,151.795,,,,,,,,,,,,,,,,148.528,151.795,,
BFA,Burkina Faso,"Inflation, average consumer prices",Index,,115.782,118.097,,,,,,,,,,,,,,,,115.782,118.097,,
BDI,Burundi,"Inflation, average consumer prices",Index,,"1,465.57","1,538.34",,,,,,,,,,,,,,,,"1,465.57","1,538.34",,
CPV,Cabo Verde,"Inflation, average consumer prices",Index,,146.136,149.059,,,,,,,,,,,,,,,,146.136,149.059,,
KHM,Cambodia,"Inflation, average consumer prices",Index,,168.38,173.501,,,,,,,,,,,,,,,,168.38,173.501,,
CMR,Cameroon,"Inflation, average consumer prices",Index,,249.858,256.105,,,,,,,,,,,,,,,,249.858,256.105,,
CAN,Canada,"Inflation, average consumer prices",Index,,129.554,132.152,,,,,,,,,,,,,,,,129.554,132.152,,
CAF,Central African Republic,"Inflation, average consumer prices",Index,,174.804,177.875,,,,,,,,,,,,,,,,174.804,177.875,,
TCD,Chad,"Inflation, average consumer prices",Index,,139.466,143.65,,,,,,,,,,,,,,,,139.466,143.65,,
CHL,Chile,"Inflation, average consumer prices",Index,,109.617,112.906,,,,,,,,,,,,,,,,109.617,112.906,,
CHN,China,"Inflation, average consumer prices",Index,,300.679,309.699,,,,,,,,,,,,,,,,300.679,309.699,,
COL,Colombia,"Inflation, average consumer prices",Index,,122.563,126.291,,,,,,,,,,,,,,,,122.563,126.291,,
COM,Comoros,"Inflation, average consumer prices",Index,,192.118,198.306,,,,,,,,,,,,,,,,192.118,198.306,,
COD,Democratic Republic of the Congo,"Inflation, average consumer prices",Index,,"3,049.92","3,210.04",,,,,,,,,,,,,,,,"3,049.92","3,210.04",,
COG,Republic of Congo,"Inflation, average consumer prices",Index,,144.682,148.591,,,,,,,,,,,,,,,,144.682,148.591,,
CRI,Costa Rica,"Inflation, average consumer prices",Index,,181.391,189.554,,,,,,,,,,,,,,,,181.391,189.554,,
CIV,Côte d'Ivoire,"Inflation, average consumer prices",Index,,154.211,158.066,,,,,,,,,,,,,,,,154.211,158.066,,
HRV,Croatia,"Inflation, average consumer prices",Index,,111.905,114.255,,,,,,,,,,,,,,,,111.905,114.255,,
CYP,Cyprus,"Inflation, average consumer prices",Index,,124.281,126.394,,,,,,,,,,,,,,,,124.281,126.394,,
CZE,Czech Republic,"Inflation, average consumer prices",Index,,128.825,131.401,,,,,,,,,,,,,,,,128.825,131.401,,
DNK,Denmark,"Inflation, average consumer prices",Index,,137.122,140.139,,,,,,,,,,,,,,,,137.122,140.139,,
DJI,Djibouti,"Inflation, average consumer prices",Index,,171.719,176.012,,,,,,,,,,,,,,,,171.719,176.012,,
DMA,Dominica,"Inflation, average consumer prices",Index,,107.804,110.013,,,,,,,,,,,,,,,,107.804,110.013,,
DOM,Dominican Republic,"Inflation, average consumer prices",Index,,455.251,473.461,,,,,,,,,,,,,,,,455.251,473.461,,
ECU,Ecuador,"Inflation, average consumer prices",Index,,155.241,159.122,,,,,,,,,,,,,,,,155.241,159.122,,
EGY,Egypt,"Inflation, average consumer prices",Index,,369.803,414.196,,,,,,,,,,,,,,,,369.803,414.196,,
SLV,El Salvador,"Inflation, average consumer prices",Index,,116.738,119.773,,,,,,,,,,,,,,,,116.738,119.773,,
GNQ,Equatorial Guinea,"Inflation, average consumer prices",Index,,215.61,222.574,,,,,,,,,,,,,,,,215.61,222.574,,
ERI,Eritrea,"Inflation, average consumer prices",Index,,"1,056.86","1,186.39",,,,,,,,,,,,,,,,"1,056.86","1,186.39",,
EST,Estonia,"Inflation, average consumer prices",Index,,156.489,160.245,,,,,,,,,,,,,,,,156.489,160.245,,
ETH,Ethiopia,"Inflation, average consumer prices",Index,,630.449,680.885,,,,,,,,,,,,,,,,630.449,680.885,,
FJI,Fiji,"Inflation, average consumer prices",Index,,233.655,240.664,,,,,,,,,,,,,,,,233.655,240.664,,
FIN,Finland,"Inflation, average consumer prices",Index,,126.432,128.834,,,,,,,,,,,,,,,,126.432,128.834,,
FRA,France,"Inflation, average consumer prices",Index,,118.978,120.68,,,,,,,,,,,,,,,,118.978,120.68,,
GAB,Gabon,"Inflation, average consumer prices",Index,,130.593,133.858,,,,,,,,,,,,,,,,130.593,133.858,,
GMB,The Gambia,"Inflation, average consumer prices",Index,,399.113,419.068,,,,,,,,,,,,,,,,399.113,419.068,,
GEO,Georgia,"Inflation, average consumer prices",Index,,295.5,310.275,,,,,,,,,,,,,,,,295.5,310.275,,
DEU,Germany,"Inflation, average consumer prices",Index,,120.368,122.414,,,,,,,,,,,,,,,,120.368,122.414,,
GHA,Ghana,"Inflation, average consumer prices",Index,,873.49,951.891,,,,,,,,,,,,,,,,873.49,951.891,,
GRC,Greece,"Inflation, average consumer prices",Index,,122.97,124.496,,,,,,,,,,,,,,,,122.97,124.496,,
GRD,Grenada,"Inflation, average consumer prices",Index,,115.174,117.662,,,,,,,,,,,,,,,,115.174,117.662,,
GTM,Guatemala,"Inflation, average consumer prices",Index,,127.252,132.532,,,,,,,,,,,,,,,,127.252,132.532,,
GIN,Guinea,"Inflation, average consumer prices",Index,,"1,417.61","1,506.22",,,,,,,,,,,,,,,,"1,417.61","1,506.22",,
GNB,Guinea-Bissau,"Inflation, average consumer prices",Index,,114.402,116.69,,,,,,,,,,,,,,,,114.402,116.69,,
GUY,Guyana,"Inflation, average consumer prices",Index,,128.434,134.09,,,,,,,,,,,,,,,,128.434,134.09,,
HTI,Haiti,"Inflation, average consumer prices",Index,,217.123,227.98,,,,,,,,,,,,,,,,217.123,227.98,,
HND,Honduras,"Inflation, average consumer prices",Index,,308.977,325.971,,,,,,,,,,,,,,,,308.977,325.971,,
HKG,Hong Kong SAR,"Inflation, average consumer prices",Index,,128.521,133.019,,,,,,,,,,,,,,,,128.521,133.019,,
HUN,Hungary,"Inflation, average consumer prices",Index,,155.532,160.198,,,,,,,,,,,,,,,,155.532,160.198,,
ISL,Iceland,"Inflation, average consumer prices",Index,,252.679,258.996,,,,,,,,,,,,,,,,252.679,258.996,,
IND,India,"Inflation, average consumer prices",Index,,297.676,316.474,,,,,,,,,,,,,,,,297.676,316.474,,
IDN,Indonesia,"Inflation, average consumer prices",Index,,125.789,132.708,,,,,,,,,,,,,,,,125.789,132.708,,
IRN,Islamic Republic of Iran,"Inflation, average consumer prices",Index,,317.772,381.353,,,,,,,,,,,,,,,,317.772,381.353,,
IRQ,Iraq,"Inflation, average consumer prices",Index,,154.301,158.93,,,,,,,,,,,,,,,,154.301,158.93,,
IRL,Ireland,"Inflation, average consumer prices",Index,,112.483,114.112,,,,,,,,,,,,,,,,112.483,114.112,,
ISR,Israel,"Inflation, average consumer prices",Index,,107.414,109.612,,,,,,,,,,,,,,,,107.414,109.612,,
ITA,Italy,"Inflation, average consumer prices",Index,,122.377,123.967,,,,,,,,,,,,,,,,122.377,123.967,,
JAM,Jamaica,"Inflation, average consumer prices",Index,,487.251,526.231,,,,,,,,,,,,,,,,487.251,526.231,,
JPN,Japan,"Inflation, average consumer prices",Index,,106.501,108.613,,,,,,,,,,,,,,,,106.501,108.613,,
JOR,Jordan,"Inflation, average consumer prices",Index,,154.012,156.944,,,,,,,,,,,,,,,,154.012,156.944,,
KAZ,Kazakhstan,"Inflation, average consumer prices",Index,,342.941,364.06,,,,,,,,,,,,,,,,342.941,364.06,,
KEN,Kenya,"Inflation, average consumer prices",Index,,305.881,321.176,,,,,,,,,,,,,,,,305.881,321.176,,
KIR,Kiribati,"Inflation, average consumer prices",Index,,132.976,136.301,,,,,,,,,,,,,,,,132.976,136.301,,
KOR,Korea,"Inflation, average consumer prices",Index,,116.227,119.714,,,,,,,,,,,,,,,,116.227,119.714,,
UVK,Kosovo,"Inflation, average consumer prices",Index,,106.961,108.599,,,,,,,,,,,,,,,,106.961,108.599,,
KWT,Kuwait,"Inflation, average consumer prices",Index,,180.069,187.299,,,,,,,,,,,,,,,,180.069,187.299,,
KGZ,Kyrgyz Republic,"Inflation, average consumer prices",Index,,311.89,329.691,,,,,,,,,,,,,,,,311.89,329.691,,
LAO,Lao P.D.R.,"Inflation, average consumer prices",Index,,282.962,300.069,,,,,,,,,,,,,,,,282.962,300.069,,
LVA,Latvia,"Inflation, average consumer prices",Index,,156.487,160.086,,,,,,,,,,,,,,,,156.487,160.086,,
LBN,Lebanon,"Inflation, average consumer prices",Index,,140.776,144.295,,,,,,,,,,,,,,,,140.776,144.295,,
LSO,Lesotho,"Inflation, average consumer prices",Index,,134.709,140.415,,,,,,,,,,,,,,,,134.709,140.415,,
LBR,Liberia,"Inflation, average consumer prices",Index,,399.954,426.351,,,,,,,,,,,,,,,,399.954,426.351,,
LBY,Libya,"Inflation, average consumer prices",Index,,190.149,195.716,,,,,,,,,,,,,,,,190.149,195.716,,
LTU,Lithuania,"Inflation, average consumer prices",Index,,146.403,149.62,,,,,,,,,,,,,,,,146.403,149.62,,
LUX,Luxembourg,"Inflation, average consumer prices",Index,,129.3,131.682,,,,,,,,,,,,,,,,129.3,131.682,,
MKD,FYR Macedonia,"Inflation, average consumer prices",Index,,118.49,121.216,,,,,,,,,,,,,,,,118.49,121.216,,
MDG,Madagascar,"Inflation, average consumer prices",Index,,385.664,404.947,,,,,,,,,,,,,,,,385.664,404.947,,
MWI,Malawi,"Inflation, average consumer prices",Index,,670.061,703.593,,,,,,,,,,,,,,,,670.061,703.593,,
MYS,Malaysia,"Inflation, average consumer prices",Index,,118.416,121.613,,,,,,,,,,,,,,,,118.416,121.613,,
MDV,Maldives,"Inflation, average consumer prices",Index,,198.379,207.047,,,,,,,,,,,,,,,,198.379,207.047,,
MLI,Mali,"Inflation, average consumer prices",Index,,155.624,159.048,,,,,,,,,,,,,,,,155.624,159.048,,
MLT,Malta,"Inflation, average consumer prices",Index,,127.116,129.404,,,,,,,,,,,,,,,,127.116,129.404,,
MHL,Marshall Islands,"Inflation, average consumer prices",Index,,158.151,161.572,,,,,,,,,,,,,,,,158.151,161.572,,
MRT,Mauritania,"Inflation, average consumer prices",Index,,178.351,188.161,,,,,,,,,,,,,,,,178.351,188.161,,
MUS,Mauritius,"Inflation, average consumer prices",Index,,229.325,240.818,,,,,,,,,,,,,,,,229.325,240.818,,
MEX,Mexico,"Inflation, average consumer prices",Index,,121.208,124.806,,,,,,,,,,,,,,,,121.208,124.806,,
FSM,Micronesia,"Inflation, average consumer prices",Index,,141.866,144.703,,,,,,,,,,,,,,,,141.866,144.703,,
MDA,Moldova,"Inflation, average consumer prices",Index,,"46,818.38","49,393.39",,,,,,,,,,,,,,,,"46,818.38","49,393.39",,
MNG,Mongolia,"Inflation, average consumer prices",Index,,177.047,190.005,,,,,,,,,,,,,,,,177.047,190.005,,
MNE,Montenegro,"Inflation, average consumer prices",Index,,444.945,451.024,,,,,,,,,,,,,,,,444.945,451.024,,
MAR,Morocco,"Inflation, average consumer prices",Index,,121.218,124.248,,,,,,,,,,,,,,,,121.218,124.248,,
MOZ,Mozambique,"Inflation, average consumer prices",Index,,224.525,237.098,,,,,,,,,,,,,,,,224.525,237.098,,
MMR,Myanmar,"Inflation, average consumer prices",Index,,"2,208.02","2,343.41",,,,,,,,,,,,,,,,"2,208.02","2,343.41",,
NAM,Namibia,"Inflation, average consumer prices",Index,,274.175,289.255,,,,,,,,,,,,,,,,274.175,289.255,,
NPL,Nepal,"Inflation, average consumer prices",Index,,228.817,242.59,,,,,,,,,,,,,,,,228.817,242.59,,
NLD,Netherlands,"Inflation, average consumer prices",Index,,119.81,121.537,,,,,,,,,,,,,,,,119.81,121.537,,
NZL,New Zealand,"Inflation, average consumer prices",Index,,147.21,150.177,,,,,,,,,,,,,,,,147.21,150.177,,
NIC,Nicaragua,"Inflation, average consumer prices",Index,,212.027,226.869,,,,,,,,,,,,,,,,212.027,226.869,,
NER,Niger,"Inflation, average consumer prices",Index,,145.255,147.433,,,,,,,,,,,,,,,,145.255,147.433,,
NGA,Nigeria,"Inflation, average consumer prices",Index,,180.471,193.104,,,,,,,,,,,,,,,,180.471,193.104,,
NOR,Norway,"Inflation, average consumer prices",Index,,142.64,145.921,,,,,,,,,,,,,,,,142.64,145.921,,
OMN,Oman,"Inflation, average consumer prices",Index,,166.467,172.237,,,,,,,,,,,,,,,,166.467,172.237,,
PAK,Pakistan,"Inflation, average consumer prices",Index,,221.526,234.817,,,,,,,,,,,,,,,,221.526,234.817,,
PLW,Palau,"Inflation, average consumer prices",Index,,126.632,129.164,,,,,,,,,,,,,,,,126.632,129.164,,
PAN,Panama,"Inflation, average consumer prices",Index,,190.202,196.288,,,,,,,,,,,,,,,,190.202,196.288,,
PNG,Papua New Guinea,"Inflation, average consumer prices",Index,,628.614,660.045,,,,,,,,,,,,,,,,628.614,660.045,,
PRY,Paraguay,"Inflation, average consumer prices",Index,,150.185,157.695,,,,,,,,,,,,,,,,150.185,157.695,,
PER,Peru,"Inflation, average consumer prices",Index,,119.341,121.728,,,,,,,,,,,,,,,,119.341,121.728,,
PHL,Philippines,"Inflation, average consumer prices",Index,,150.02,155.27,,,,,,,,,,,,,,,,150.02,155.27,,
POL,Poland,"Inflation, average consumer prices",Index,,179.997,184.497,,,,,,,,,,,,,,,,179.997,184.497,,
PRT,Portugal,"Inflation, average consumer prices",Index,,120.289,122.099,,,,,,,,,,,,,,,,120.289,122.099,,
QAT,Qatar,"Inflation, average consumer prices",Index,,272.403,281.977,,,,,,,,,,,,,,,,272.403,281.977,,
ROU,Romania,"Inflation, average consumer prices",Index,,123.344,126.798,,,,,,,,,,,,,,,,123.344,126.798,,
RUS,Russia,"Inflation, average consumer prices",Index,,"1,326.51","1,392.83",,,,,,,,,,,,,,,,"1,326.51","1,392.83",,
RWA,Rwanda,"Inflation, average consumer prices",Index,,139.019,145.97,,,,,,,,,,,,,,,,139.019,145.97,,
WSM,Samoa,"Inflation, average consumer prices",Index,,200.212,205.217,,,,,,,,,,,,,,,,200.212,205.217,,
SMR,San Marino,"Inflation, average consumer prices",Index,,131.578,133.42,,,,,,,,,,,,,,,,131.578,133.42,,
STP,São Tomé and Príncipe,"Inflation, average consumer prices",Index,,708.1,729.343,,,,,,,,,,,,,,,,708.1,729.343,,
SAU,Saudi Arabia,"Inflation, average consumer prices",Index,,139.453,144.359,,,,,,,,,,,,,,,,139.453,144.359,,
SEN,Senegal,"Inflation, average consumer prices",Index,,110.41,112.459,,,,,,,,,,,,,,,,110.41,112.459,,
SRB,Serbia,"Inflation, average consumer prices",Index,,199.317,207.29,,,,,,,,,,,,,,,,199.317,207.29,,
SYC,Seychelles,"Inflation, average consumer prices",Index,,228.66,235.52,,,,,,,,,,,,,,,,228.66,235.52,,
SLE,Sierra Leone,"Inflation, average consumer prices",Index,,"2,255.75","2,377.56",,,,,,,,,,,,,,,,"2,255.75","2,377.56",,
SGP,Singapore,"Inflation, average consumer prices",Index,,124.434,127.496,,,,,,,,,,,,,,,,124.434,127.496,,
SVK,Slovak Republic,"Inflation, average consumer prices",Index,,128.087,130.657,,,,,,,,,,,,,,,,128.087,130.657,,
SVN,Slovenia,"Inflation, average consumer prices",Index,,128.419,130.859,,,,,,,,,,,,,,,,128.419,130.859,,
SLB,Solomon Islands,"Inflation, average consumer prices",Index,,209.933,220.612,,,,,,,,,,,,,,,,209.933,220.612,,
ZAF,South Africa,"Inflation, average consumer prices",Index,,247.402,260.266,,,,,,,,,,,,,,,,247.402,260.266,,
SSD,South Sudan,"Inflation, average consumer prices",Index,,204.795,215.035,,,,,,,,,,,,,,,,204.795,215.035,,
ESP,Spain,"Inflation, average consumer prices",Index,,123.445,124.734,,,,,,,,,,,,,,,,123.445,124.734,,
LKA,Sri Lanka,"Inflation, average consumer prices",Index,,205.358,216.653,,,,,,,,,,,,,,,,205.358,216.653,,
KNA,St. Kitts and Nevis,"Inflation, average consumer prices",Index,,116.115,119.018,,,,,,,,,,,,,,,,116.115,119.018,,
LCA,St. Lucia,"Inflation, average consumer prices",Index,,121.251,124.374,,,,,,,,,,,,,,,,121.251,124.374,,
VCT,St. Vincent and the Grenadines,"Inflation, average consumer prices",Index,,111.573,113.577,,,,,,,,,,,,,,,,111.573,113.577,,
SDN,Sudan,"Inflation, average consumer prices",Index,,472.938,506.989,,,,,,,,,,,,,,,,472.938,506.989,,
SUR,Suriname,"Inflation, average consumer prices",Index,,351.843,365.845,,,,,,,,,,,,,,,,351.843,365.845,,
SWZ,Swaziland,"Inflation, average consumer prices",Index,,274.847,289.139,,,,,,,,,,,,,,,,274.847,289.139,,
SWE,Sweden,"Inflation, average consumer prices",Index,,104.407,106.6,,,,,,,,,,,,,,,,104.407,106.6,,
CHE,Switzerland,"Inflation, average consumer prices",Index,,100.741,101.748,,,,,,,,,,,,,,,,100.741,101.748,,
SYR,Syria,"Inflation, average consumer prices",Index,,n/a,n/a,,,,,,,,,,,,,,,,n/a,n/a,,
TWN,Taiwan Province of China,"Inflation, average consumer prices",Index,,108.389,110.557,,,,,,,,,,,,,,,,108.389,110.557,,
TJK,Tajikistan,"Inflation, average consumer prices",Index,,"1,274.39","1,356.88",,,,,,,,,,,,,,,,"1,274.39","1,356.88",,
TZA,Tanzania,"Inflation, average consumer prices",Index,,310.579,326.107,,,,,,,,,,,,,,,,310.579,326.107,,
THA,Thailand,"Inflation, average consumer prices",Index,,112.272,114.518,,,,,,,,,,,,,,,,112.272,114.518,,
TLS,Timor-Leste,"Inflation, average consumer prices",Index,,264.594,281.263,,,,,,,,,,,,,,,,264.594,281.263,,
TGO,Togo,"Inflation, average consumer prices",Index,,125.057,128.184,,,,,,,,,,,,,,,,125.057,128.184,,
TON,Tonga,"Inflation, average consumer prices",Index,,125.884,132.658,,,,,,,,,,,,,,,,125.884,132.658,,
TTO,Trinidad and Tobago,"Inflation, average consumer prices",Index,,269.808,280.6,,,,,,,,,,,,,,,,269.808,280.6,,
TUN,Tunisia,"Inflation, average consumer prices",Index,,163.472,170.064,,,,,,,,,,,,,,,,163.472,170.064,,
TUR,Turkey,"Inflation, average consumer prices",Index,,270.678,287.03,,,,,,,,,,,,,,,,270.678,287.03,,
TKM,Turkmenistan,"Inflation, average consumer prices",Index,,439.99,466.389,,,,,,,,,,,,,,,,439.99,466.389,,
TUV,Tuvalu,"Inflation, average consumer prices",Index,,151.362,155.382,,,,,,,,,,,,,,,,151.362,155.382,,
UGA,Uganda,"Inflation, average consumer prices",Index,,246.458,258.781,,,,,,,,,,,,,,,,246.458,258.781,,
UKR,Ukraine,"Inflation, average consumer prices",Index,,n/a,n/a,,,,,,,,,,,,,,,,n/a,n/a,,
ARE,United Arab Emirates,"Inflation, average consumer prices",Index,,268.654,276.962,,,,,,,,,,,,,,,,268.654,276.962,,
GBR,United Kingdom,"Inflation, average consumer prices",Index,,133.452,136.121,,,,,,,,,,,,,,,,133.452,136.121,,
USA,United States,"Inflation, average consumer prices",Index,,244.361,249.214,,,,,,,,,,,,,,,,244.361,249.214,,
URY,Uruguay,"Inflation, average consumer prices",Index,,155.259,166.056,,,,,,,,,,,,,,,,155.259,166.056,,
UZB,Uzbekistan,"Inflation, average consumer prices",Index,,"4,029.69","4,472.96",,,,,,,,,,,,,,,,"4,029.69","4,472.96",,
VUT,Vanuatu,"Inflation, average consumer prices",Index,,149.861,154.209,,,,,,,,,,,,,,,,149.861,154.209,,
VEN,Venezuela,"Inflation, average consumer prices",Index,,"1,972.21","2,909.00",,,,,,,,,,,,,,,,"1,972.21","2,909.00",,
VNM,Vietnam,"Inflation, average consumer prices",Index,,276.156,292.035,,,,,,,,,,,,,,,,276.156,292.035,,
YEM,Yemen,"Inflation, average consumer prices",Index,,544.993,592.486,,,,,,,,,,,,,,,,544.993,592.486,,
ZMB,Zambia,"Inflation, average consumer prices",Index,,156.694,164.529,,,,,,,,,,,,,,,,156.694,164.529,,
ZWE,Zimbabwe,"Inflation, average consumer prices",Index,,64.474,66.086,,,,,,,,,,,,,,,,64.474,66.086,,
AFG,Afghanistan,Population,Persons,Millions,32.739,33.471,,,,,,,,,,,,,,,,32.739,33.471,,
ALB,Albania,Population,Persons,Millions,2.746,2.732,,,,,,,,,,,,,,,,2.746,2.732,,
DZA,Algeria,Population,Persons,Millions,40.224,40.908,,,,,,,,,,,,,,,,40.224,40.908,,
AGO,Angola,Population,Persons,Millions,22.75,23.433,,,,,,,,,,,,,,,,22.75,23.433,,
ATG,Antigua and Barbuda,Population,Persons,Millions,0.088,0.088,,,,,,,,,,,,,,,,0.088,0.088,,
ARG,Argentina,Population,Persons,Millions,42.914,43.398,,,,,,,,,,,,,,,,42.914,43.398,,
ARM,Armenia,Population,Persons,Millions,3.307,3.314,,,,,,,,,,,,,,,,3.307,3.314,,
AUS,Australia,Population,Persons,Millions,24.052,24.353,,,,,,,,,,,,,,,,24.052,24.353,,
AUT,Austria,Population,Persons,Millions,8.594,8.628,,,,,,,,,,,,,,,,8.594,8.628,,
AZE,Azerbaijan,Population,Persons,Millions,9.534,9.61,,,,,,,,,,,,,,,,9.534,9.61,,
BHS,The Bahamas,Population,Persons,Millions,0.368,0.372,,,,,,,,,,,,,,,,0.368,0.372,,
BHR,Bahrain,Population,Persons,Millions,1.246,1.271,,,,,,,,,,,,,,,,1.246,1.271,,
BGD,Bangladesh,Population,Persons,Millions,161.207,162.877,,,,,,,,,,,,,,,,161.207,162.877,,
BRB,Barbados,Population,Persons,Millions,0.281,0.281,,,,,,,,,,,,,,,,0.281,0.281,,
BLR,Belarus,Population,Persons,Millions,9.323,9.276,,,,,,,,,,,,,,,,9.323,9.276,,
BEL,Belgium,Population,Persons,Millions,11.31,11.38,,,,,,,,,,,,,,,,11.31,11.38,,
BLZ,Belize,Population,Persons,Millions,0.367,0.374,,,,,,,,,,,,,,,,0.367,0.374,,
BEN,Benin,Population,Persons,Millions,11.131,11.399,,,,,,,,,,,,,,,,11.131,11.399,,
BTN,Bhutan,Population,Persons,Millions,0.749,0.751,,,,,,,,,,,,,,,,0.749,0.751,,
BOL,Bolivia,Population,Persons,Millions,11.678,11.9,,,,,,,,,,,,,,,,11.678,11.9,,
BIH,Bosnia and Herzegovina,Population,Persons,Millions,3.854,3.845,,,,,,,,,,,,,,,,3.854,3.845,,
BWA,Botswana,Population,Persons,Millions,2.154,2.18,,,,,,,,,,,,,,,,2.154,2.18,,
BRA,Brazil,Population,Persons,Millions,203.272,204.83,,,,,,,,,,,,,,,,203.272,204.83,,
BRN,Brunei Darussalam,Population,Persons,Millions,0.426,0.433,,,,,,,,,,,,,,,,0.426,0.433,,
BGR,Bulgaria,Population,Persons,Millions,7.13,7.095,,,,,,,,,,,,,,,,7.13,7.095,,
BFA,Burkina Faso,Population,Persons,Millions,18,18.4,,,,,,,,,,,,,,,,18,18.4,,
BDI,Burundi,Population,Persons,Millions,9.648,9.879,,,,,,,,,,,,,,,,9.648,9.879,,
CPV,Cabo Verde,Population,Persons,Millions,0.519,0.525,,,,,,,,,,,,,,,,0.519,0.525,,
KHM,Cambodia,Population,Persons,Millions,15.873,16.032,,,,,,,,,,,,,,,,15.873,16.032,,
CMR,Cameroon,Population,Persons,Millions,23.685,24.277,,,,,,,,,,,,,,,,23.685,24.277,,
CAN,Canada,Population,Persons,Millions,36.21,36.554,,,,,,,,,,,,,,,,36.21,36.554,,
CAF,Central African Republic,Population,Persons,Millions,4.888,4.983,,,,,,,,,,,,,,,,4.888,4.983,,
TCD,Chad,Population,Persons,Millions,11.855,12.185,,,,,,,,,,,,,,,,11.855,12.185,,
CHL,Chile,Population,Persons,Millions,18.002,18.139,,,,,,,,,,,,,,,,18.002,18.139,,
CHN,China,Population,Persons,Millions,"1,381.13","1,387.99",,,,,,,,,,,,,,,,"1,381.13","1,387.99",,
COL,Colombia,Population,Persons,Millions,48.85,49.429,,,,,,,,,,,,,,,,48.85,49.429,,
COM,Comoros,Population,Persons,Millions,0.754,0.77,,,,,,,,,,,,,,,,0.754,0.77,,
COD,Democratic Republic of the Congo,Population,Persons,Millions,84.13,86.654,,,,,,,,,,,,,,,,84.13,86.654,,
COG,Republic of Congo,Population,Persons,Millions,4.46,4.554,,,,,,,,,,,,,,,,4.46,4.554,,
CRI,Costa Rica,Population,Persons,Millions,5.082,5.196,,,,,,,,,,,,,,,,5.082,5.196,,
CIV,Côte d'Ivoire,Population,Persons,Millions,26.3,27.089,,,,,,,,,,,,,,,,26.3,27.089,,
HRV,Croatia,Population,Persons,Millions,4.281,4.281,,,,,,,,,,,,,,,,4.281,4.281,,
CYP,Cyprus,Population,Persons,Millions,0.909,0.918,,,,,,,,,,,,,,,,0.909,0.918,,
CZE,Czech Republic,Population,Persons,Millions,10.565,10.578,,,,,,,,,,,,,,,,10.565,10.578,,
DNK,Denmark,Population,Persons,Millions,5.648,5.666,,,,,,,,,,,,,,,,5.648,5.666,,
DJI,Djibouti,Population,Persons,Millions,0.993,1.02,,,,,,,,,,,,,,,,0.993,1.02,,
DMA,Dominica,Population,Persons,Millions,0.071,0.071,,,,,,,,,,,,,,,,0.071,0.071,,
DOM,Dominican Republic,Population,Persons,Millions,10.986,11.183,,,,,,,,,,,,,,,,10.986,11.183,,
ECU,Ecuador,Population,Persons,Millions,16.529,16.777,,,,,,,,,,,,,,,,16.529,16.777,,
EGY,Egypt,Population,Persons,Millions,89.301,91.087,,,,,,,,,,,,,,,,89.301,91.087,,
SLV,El Salvador,Population,Persons,Millions,6.403,6.429,,,,,,,,,,,,,,,,6.403,6.429,,
GNQ,Equatorial Guinea,Population,Persons,Millions,0.821,0.843,,,,,,,,,,,,,,,,0.821,0.843,,
ERI,Eritrea,Population,Persons,Millions,6.975,7.205,,,,,,,,,,,,,,,,6.975,7.205,,
EST,Estonia,Population,Persons,Millions,1.332,1.331,,,,,,,,,,,,,,,,1.332,1.331,,
ETH,Ethiopia,Population,Persons,Millions,95.03,97.12,,,,,,,,,,,,,,,,95.03,97.12,,
FJI,Fiji,Population,Persons,Millions,0.89,0.894,,,,,,,,,,,,,,,,0.89,0.894,,
FIN,Finland,Population,Persons,Millions,5.522,5.542,,,,,,,,,,,,,,,,5.522,5.542,,
FRA,France,Population,Persons,Millions,64.538,64.833,,,,,,,,,,,,,,,,64.538,64.833,,
GAB,Gabon,Population,Persons,Millions,1.631,1.654,,,,,,,,,,,,,,,,1.631,1.654,,
GMB,The Gambia,Population,Persons,Millions,2.035,2.091,,,,,,,,,,,,,,,,2.035,2.091,,
GEO,Georgia,Population,Persons,Millions,4.443,4.429,,,,,,,,,,,,,,,,4.443,4.429,,
DEU,Germany,Population,Persons,Millions,81.025,81.004,,,,,,,,,,,,,,,,81.025,81.004,,
GHA,Ghana,Population,Persons,Millions,27.573,28.278,,,,,,,,,,,,,,,,27.573,28.278,,
GRC,Greece,Population,Persons,Millions,11.018,11.007,,,,,,,,,,,,,,,,11.018,11.007,,
GRD,Grenada,Population,Persons,Millions,0.107,0.107,,,,,,,,,,,,,,,,0.107,0.107,,
GTM,Guatemala,Population,Persons,Millions,16.673,17.09,,,,,,,,,,,,,,,,16.673,17.09,,
GIN,Guinea,Population,Persons,Millions,11.981,12.28,,,,,,,,,,,,,,,,11.981,12.28,,
GNB,Guinea-Bissau,Population,Persons,Millions,1.716,1.752,,,,,,,,,,,,,,,,1.716,1.752,,
GUY,Guyana,Population,Persons,Millions,0.801,0.803,,,,,,,,,,,,,,,,0.801,0.803,,
HTI,Haiti,Population,Persons,Millions,10.744,10.882,,,,,,,,,,,,,,,,10.744,10.882,,
HND,Honduras,Population,Persons,Millions,8.606,8.782,,,,,,,,,,,,,,,,8.606,8.782,,
HKG,Hong Kong SAR,Population,Persons,Millions,7.446,7.515,,,,,,,,,,,,,,,,7.446,7.515,,
HUN,Hungary,Population,Persons,Millions,9.82,9.8,,,,,,,,,,,,,,,,9.82,9.8,,
ISL,Iceland,Population,Persons,Millions,0.326,0.328,,,,,,,,,,,,,,,,0.326,0.328,,
IND,India,Population,Persons,Millions,"1,293.06","1,310.07",,,,,,,,,,,,,,,,"1,293.06","1,310.07",,
IDN,Indonesia,Population,Persons,Millions,258.714,262.404,,,,,,,,,,,,,,,,258.714,262.404,,
IRN,Islamic Republic of Iran,Population,Persons,Millions,80.111,81.142,,,,,,,,,,,,,,,,80.111,81.142,,
IRQ,Iraq,Population,Persons,Millions,38.09,39.212,,,,,,,,,,,,,,,,38.09,39.212,,
IRL,Ireland,Population,Persons,Millions,4.877,4.921,,,,,,,,,,,,,,,,4.877,4.921,,
ISR,Israel,Population,Persons,Millions,8.402,8.587,,,,,,,,,,,,,,,,8.402,8.587,,
ITA,Italy,Population,Persons,Millions,60.495,60.737,,,,,,,,,,,,,,,,60.495,60.737,,
JAM,Jamaica,Population,Persons,Millions,2.827,2.841,,,,,,,,,,,,,,,,2.827,2.841,,
JPN,Japan,Population,Persons,Millions,126.345,125.909,,,,,,,,,,,,,,,,126.345,125.909,,
JOR,Jordan,Population,Persons,Millions,7.005,7.166,,,,,,,,,,,,,,,,7.005,7.166,,
KAZ,Kazakhstan,Population,Persons,Millions,17.913,18.172,,,,,,,,,,,,,,,,17.913,18.172,,
KEN,Kenya,Population,Persons,Millions,48.009,49.275,,,,,,,,,,,,,,,,48.009,49.275,,
KIR,Kiribati,Population,Persons,Millions,0.116,0.118,,,,,,,,,,,,,,,,0.116,0.118,,
KOR,Korea,Population,Persons,Millions,50.874,51.093,,,,,,,,,,,,,,,,50.874,51.093,,
KWT,Kuwait,Population,Persons,Millions,4.225,4.342,,,,,,,,,,,,,,,,4.225,4.342,,
KGZ,Kyrgyz Republic,Population,Persons,Millions,5.815,5.873,,,,,,,,,,,,,,,,5.815,5.873,,
LAO,Lao P.D.R.,Population,Persons,Millions,7.165,7.302,,,,,,,,,,,,,,,,7.165,7.302,,
LVA,Latvia,Population,Persons,Millions,2.017,2.011,,,,,,,,,,,,,,,,2.017,2.011,,
LBN,Lebanon,Population,Persons,Millions,4.597,4.642,,,,,,,,,,,,,,,,4.597,4.642,,
LSO,Lesotho,Population,Persons,Millions,1.92,1.925,,,,,,,,,,,,,,,,1.92,1.925,,
LBR,Liberia,Population,Persons,Millions,4.399,4.505,,,,,,,,,,,,,,,,4.399,4.505,,
LBY,Libya,Population,Persons,Millions,6.399,6.495,,,,,,,,,,,,,,,,6.399,6.495,,
LTU,Lithuania,Population,Persons,Millions,2.928,2.913,,,,,,,,,,,,,,,,2.928,2.913,,
LUX,Luxembourg,Population,Persons,Millions,0.574,0.586,,,,,,,,,,,,,,,,0.574,0.586,,
MKD,FYR Macedonia,Population,Persons,Millions,2.085,2.09,,,,,,,,,,,,,,,,2.085,2.09,,
MDG,Madagascar,Population,Persons,Millions,24.681,25.258,,,,,,,,,,,,,,,,24.681,25.258,,
MWI,Malawi,Population,Persons,Millions,18.632,19.169,,,,,,,,,,,,,,,,18.632,19.169,,
MYS,Malaysia,Population,Persons,Millions,31.157,31.686,,,,,,,,,,,,,,,,31.157,31.686,,
MDV,Maldives,Population,Persons,Millions,0.354,0.36,,,,,,,,,,,,,,,,0.354,0.36,,
MLI,Mali,Population,Persons,Millions,18.478,19.054,,,,,,,,,,,,,,,,18.478,19.054,,
MLT,Malta,Population,Persons,Millions,0.419,0.42,,,,,,,,,,,,,,,,0.419,0.42,,
MHL,Marshall Islands,Population,Persons,Millions,0.057,0.058,,,,,,,,,,,,,,,,0.057,0.058,,
MRT,Mauritania,Population,Persons,Millions,3.989,4.085,,,,,,,,,,,,,,,,3.989,4.085,,
MUS,Mauritius,Population,Persons,Millions,1.322,1.327,,,,,,,,,,,,,,,,1.322,1.327,,
MEX,Mexico,Population,Persons,Millions,121.984,123.204,,,,,,,,,,,,,,,,121.984,123.204,,
FSM,Micronesia,Population,Persons,Millions,0.103,0.103,,,,,,,,,,,,,,,,0.103,0.103,,
MDA,Moldova,Population,Persons,Millions,3.557,3.556,,,,,,,,,,,,,,,,3.557,3.556,,
MNG,Mongolia,Population,Persons,Millions,3.052,3.109,,,,,,,,,,,,,,,,3.052,3.109,,
MNE,Montenegro,Population,Persons,Millions,0.627,0.628,,,,,,,,,,,,,,,,0.627,0.628,,
MAR,Morocco,Population,Persons,Millions,33.827,34.15,,,,,,,,,,,,,,,,33.827,34.15,,
MOZ,Mozambique,Population,Persons,Millions,27.808,28.494,,,,,,,,,,,,,,,,27.808,28.494,,
MMR,Myanmar,Population,Persons,Millions,68.907,70.285,,,,,,,,,,,,,,,,68.907,70.285,,
NAM,Namibia,Population,Persons,Millions,2.228,2.247,,,,,,,,,,,,,,,,2.228,2.247,,
NPL,Nepal,Population,Persons,Millions,29.223,29.654,,,,,,,,,,,,,,,,29.223,29.654,,
NLD,Netherlands,Population,Persons,Millions,16.915,16.951,,,,,,,,,,,,,,,,16.915,16.951,,
NZL,New Zealand,Population,Persons,Millions,4.591,4.627,,,,,,,,,,,,,,,,4.591,4.627,,
NIC,Nicaragua,Population,Persons,Millions,6.34,6.422,,,,,,,,,,,,,,,,6.34,6.422,,
NER,Niger,Population,Persons,Millions,18.194,18.758,,,,,,,,,,,,,,,,18.194,18.758,,
NGA,Nigeria,Population,Persons,Millions,183.636,188.686,,,,,,,,,,,,,,,,183.636,188.686,,
NOR,Norway,Population,Persons,Millions,5.261,5.319,,,,,,,,,,,,,,,,5.261,5.319,,
OMN,Oman,Population,Persons,Millions,3.495,3.599,,,,,,,,,,,,,,,,3.495,3.599,,
PAK,Pakistan,Population,Persons,Millions,193.745,197.496,,,,,,,,,,,,,,,,193.745,197.496,,
PLW,Palau,Population,Persons,Millions,0.018,0.018,,,,,,,,,,,,,,,,0.018,0.018,,
PAN,Panama,Population,Persons,Millions,3.925,3.996,,,,,,,,,,,,,,,,3.925,3.996,,
PNG,Papua New Guinea,Population,Persons,Millions,7.535,7.723,,,,,,,,,,,,,,,,7.535,7.723,,
PRY,Paraguay,Population,Persons,Millions,7.16,7.286,,,,,,,,,,,,,,,,7.16,7.286,,
PER,Peru,Population,Persons,Millions,32.405,32.907,,,,,,,,,,,,,,,,32.405,32.907,,
PHL,Philippines,Population,Persons,Millions,103.451,105.52,,,,,,,,,,,,,,,,103.451,105.52,,
POL,Poland,Population,Persons,Millions,38.536,38.528,,,,,,,,,,,,,,,,38.536,38.528,,
PRT,Portugal,Population,Persons,Millions,10.641,10.648,,,,,,,,,,,,,,,,10.641,10.648,,
QAT,Qatar,Population,Persons,Millions,2.557,2.672,,,,,,,,,,,,,,,,2.557,2.672,,
ROU,Romania,Population,Persons,Millions,21.164,21.124,,,,,,,,,,,,,,,,21.164,21.124,,
RUS,Russia,Population,Persons,Millions,142.714,142.643,,,,,,,,,,,,,,,,142.714,142.643,,
RWA,Rwanda,Population,Persons,Millions,11.326,11.563,,,,,,,,,,,,,,,,11.326,11.563,,
WSM,Samoa,Population,Persons,Millions,0.186,0.187,,,,,,,,,,,,,,,,0.186,0.187,,
STP,São Tomé and Príncipe,Population,Persons,Millions,0.203,0.207,,,,,,,,,,,,,,,,0.203,0.207,,
SAU,Saudi Arabia,Population,Persons,Millions,31.861,32.499,,,,,,,,,,,,,,,,31.861,32.499,,
SEN,Senegal,Population,Persons,Millions,15.406,15.858,,,,,,,,,,,,,,,,15.406,15.858,,
SRB,Serbia,Population,Persons,Millions,7.199,7.199,,,,,,,,,,,,,,,,7.199,7.199,,
SYC,Seychelles,Population,Persons,Millions,0.096,0.097,,,,,,,,,,,,,,,,0.096,0.097,,
SLE,Sierra Leone,Population,Persons,Millions,6.439,6.561,,,,,,,,,,,,,,,,6.439,6.561,,
SGP,Singapore,Population,Persons,Millions,5.585,5.639,,,,,,,,,,,,,,,,5.585,5.639,,
SVK,Slovak Republic,Population,Persons,Millions,5.43,5.437,,,,,,,,,,,,,,,,5.43,5.437,,
SVN,Slovenia,Population,Persons,Millions,2.069,2.072,,,,,,,,,,,,,,,,2.069,2.072,,
SLB,Solomon Islands,Population,Persons,Millions,0.601,0.614,,,,,,,,,,,,,,,,0.601,0.614,,
ZAF,South Africa,Population,Persons,Millions,55.161,55.907,,,,,,,,,,,,,,,,55.161,55.907,,
SSD,South Sudan,Population,Persons,Millions,12.131,12.373,,,,,,,,,,,,,,,,12.131,12.373,,
ESP,Spain,Population,Persons,Millions,46.292,46.179,,,,,,,,,,,,,,,,46.292,46.179,,
LKA,Sri Lanka,Population,Persons,Millions,21.252,21.397,,,,,,,,,,,,,,,,21.252,21.397,,
KNA,St. Kitts and Nevis,Population,Persons,Millions,0.062,0.063,,,,,,,,,,,,,,,,0.062,0.063,,
LCA,St. Lucia,Population,Persons,Millions,0.172,0.173,,,,,,,,,,,,,,,,0.172,0.173,,
VCT,St. Vincent and the Grenadines,Population,Persons,Millions,0.11,0.11,,,,,,,,,,,,,,,,0.11,0.11,,
SDN,Sudan,Population,Persons,Millions,37.134,38.099,,,,,,,,,,,,,,,,37.134,38.099,,
SUR,Suriname,Population,Persons,Millions,0.563,0.568,,,,,,,,,,,,,,,,0.563,0.568,,
SWZ,Swaziland,Population,Persons,Millions,1.132,1.147,,,,,,,,,,,,,,,,1.132,1.147,,
SWE,Sweden,Population,Persons,Millions,9.862,9.929,,,,,,,,,,,,,,,,9.862,9.929,,
CHE,Switzerland,Population,Persons,Millions,8.148,8.197,,,,,,,,,,,,,,,,8.148,8.197,,
SYR,Syria,Population,Persons,Millions,n/a,n/a,,,,,,,,,,,,,,,,n/a,n/a,,
TWN,Taiwan Province of China,Population,Persons,Millions,23.547,23.606,,,,,,,,,,,,,,,,23.547,23.606,,
TJK,Tajikistan,Population,Persons,Millions,8.655,8.836,,,,,,,,,,,,,,,,8.655,8.836,,
TZA,Tanzania,Population,Persons,Millions,50.568,52.085,,,,,,,,,,,,,,,,50.568,52.085,,
THA,Thailand,Population,Persons,Millions,69.166,69.454,,,,,,,,,,,,,,,,69.166,69.454,,
TLS,Timor-Leste,Population,Persons,Millions,1.297,1.336,,,,,,,,,,,,,,,,1.297,1.336,,
TGO,Togo,Population,Persons,Millions,7.372,7.566,,,,,,,,,,,,,,,,7.372,7.566,,
TON,Tonga,Population,Persons,Millions,0.104,0.105,,,,,,,,,,,,,,,,0.104,0.105,,
TTO,Trinidad and Tobago,Population,Persons,Millions,1.364,1.371,,,,,,,,,,,,,,,,1.364,1.371,,
TUN,Tunisia,Population,Persons,Millions,11.349,11.496,,,,,,,,,,,,,,,,11.349,11.496,,
TUR,Turkey,Population,Persons,Millions,78.967,79.766,,,,,,,,,,,,,,,,78.967,79.766,,
TKM,Turkmenistan,Population,Persons,Millions,5.982,6.078,,,,,,,,,,,,,,,,5.982,6.078,,
TUV,Tuvalu,Population,Persons,Millions,0.011,0.011,,,,,,,,,,,,,,,,0.011,0.011,,
UGA,Uganda,Population,Persons,Millions,40.592,41.931,,,,,,,,,,,,,,,,40.592,41.931,,
UKR,Ukraine,Population,Persons,Millions,n/a,n/a,,,,,,,,,,,,,,,,n/a,n/a,,
ARE,United Arab Emirates,Population,Persons,Millions,9.856,10.139,,,,,,,,,,,,,,,,9.856,10.139,,
GBR,United Kingdom,Population,Persons,Millions,65.386,65.825,,,,,,,,,,,,,,,,65.386,65.825,,
USA,United States,Population,Persons,Millions,323.836,326.377,,,,,,,,,,,,,,,,323.836,326.377,,
URY,Uruguay,Population,Persons,Millions,3.427,3.439,,,,,,,,,,,,,,,,3.427,3.439,,
UZB,Uzbekistan,Population,Persons,Millions,31.343,31.719,,,,,,,,,,,,,,,,31.343,31.719,,
VUT,Vanuatu,Population,Persons,Millions,0.285,0.292,,,,,,,,,,,,,,,,0.285,0.292,,
VEN,Venezuela,Population,Persons,Millions,31.416,31.907,,,,,,,,,,,,,,,,31.416,31.907,,
VNM,Vietnam,Population,Persons,Millions,92.537,93.505,,,,,,,,,,,,,,,,92.537,93.505,,
YEM,Yemen,Population,Persons,Millions,29.132,29.977,,,,,,,,,,,,,,,,29.132,29.977,,
ZMB,Zambia,Population,Persons,Millions,16.034,16.564,,,,,,,,,,,,,,,,16.034,16.564,,
ZWE,Zimbabwe,Population,Persons,Millions,13.554,13.703,,,,,,,,,,,,,,,,13.554,13.703,,
ALB,Albania,Unemployment rate,Percent of total labor force,,12.106,11.742,,,,,,,,,,,,,,,,12.106,11.742,,
DZA,Algeria,Unemployment rate,Percent of total labor force,,8.599,8.193,,,,,,,,,,,,,,,,8.599,8.193,,
ARG,Argentina,Unemployment rate,Percent of total labor force,,7.645,7.613,,,,,,,,,,,,,,,,7.645,7.613,,
ARM,Armenia,Unemployment rate,Percent of total labor force,,17.7,17.5,,,,,,,,,,,,,,,,17.7,17.5,,
AUS,Australia,Unemployment rate,Percent of total labor force,,5.9,5.5,,,,,,,,,,,,,,,,5.9,5.5,,
AUT,Austria,Unemployment rate,Percent of total labor force,,4.8,4.6,,,,,,,,,,,,,,,,4.8,4.6,,
AZE,Azerbaijan,Unemployment rate,Percent of total labor force,,6.048,6.048,,,,,,,,,,,,,,,,6.048,6.048,,
BHS,The Bahamas,Unemployment rate,Percent of total labor force,,13.294,12.259,,,,,,,,,,,,,,,,13.294,12.259,,
BHR,Bahrain,Unemployment rate,Percent of total labor force,,4.25,4.244,,,,,,,,,,,,,,,,4.25,4.244,,
BRB,Barbados,Unemployment rate,Percent of total labor force,,14.819,14.217,,,,,,,,,,,,,,,,14.819,14.217,,
BLR,Belarus,Unemployment rate,Percent of total labor force,,0.6,0.6,,,,,,,,,,,,,,,,0.6,0.6,,
BEL,Belgium,Unemployment rate,Percent of total labor force,,8.772,8.568,,,,,,,,,,,,,,,,8.772,8.568,,
BLZ,Belize,Unemployment rate,Percent of total labor force,,14.386,13.749,,,,,,,,,,,,,,,,14.386,13.749,,
BTN,Bhutan,Unemployment rate,Percent of total labor force,,3.2,3.2,,,,,,,,,,,,,,,,3.2,3.2,,
BOL,Bolivia,Unemployment rate,Percent of total labor force,,6.138,6.068,,,,,,,,,,,,,,,,6.138,6.068,,
BIH,Bosnia and Herzegovina,Unemployment rate,Percent of total labor force,,23.5,23,,,,,,,,,,,,,,,,23.5,23,,
BRA,Brazil,Unemployment rate,Percent of total labor force,,6,6,,,,,,,,,,,,,,,,6,6,,
BRN,Brunei Darussalam,Unemployment rate,Percent of total labor force,,2.7,2.7,,,,,,,,,,,,,,,,2.7,2.7,,
BGR,Bulgaria,Unemployment rate,Percent of total labor force,,11.28,10.67,,,,,,,,,,,,,,,,11.28,10.67,,
CPV,Cabo Verde,Unemployment rate,Percent of total labor force,,9,9,,,,,,,,,,,,,,,,9,9,,
CAN,Canada,Unemployment rate,Percent of total labor force,,6.842,6.719,,,,,,,,,,,,,,,,6.842,6.719,,
CHL,Chile,Unemployment rate,Percent of total labor force,,6.4,6.4,,,,,,,,,,,,,,,,6.4,6.4,,
CHN,China,Unemployment rate,Percent of total labor force,,4.1,4.1,,,,,,,,,,,,,,,,4.1,4.1,,
COL,Colombia,Unemployment rate,Percent of total labor force,,9,9,,,,,,,,,,,,,,,,9,9,,
CRI,Costa Rica,Unemployment rate,Percent of total labor force,,7.5,7,,,,,,,,,,,,,,,,7.5,7,,
HRV,Croatia,Unemployment rate,Percent of total labor force,,16.785,15.274,,,,,,,,,,,,,,,,16.785,15.274,,
CYP,Cyprus,Unemployment rate,Percent of total labor force,,17.029,15.385,,,,,,,,,,,,,,,,17.029,15.385,,
CZE,Czech Republic,Unemployment rate,Percent of total labor force,,6.089,5.801,,,,,,,,,,,,,,,,6.089,5.801,,
DNK,Denmark,Unemployment rate,Percent of total labor force,,6.7,6.6,,,,,,,,,,,,,,,,6.7,6.6,,
DOM,Dominican Republic,Unemployment rate,Percent of total labor force,,5.697,5.697,,,,,,,,,,,,,,,,5.697,5.697,,
ECU,Ecuador,Unemployment rate,Percent of total labor force,,5,5,,,,,,,,,,,,,,,,5,5,,
EGY,Egypt,Unemployment rate,Percent of total labor force,,13.213,13.406,,,,,,,,,,,,,,,,13.213,13.406,,
SLV,El Salvador,Unemployment rate,Percent of total labor force,,5.637,5.537,,,,,,,,,,,,,,,,5.637,5.537,,
EST,Estonia,Unemployment rate,Percent of total labor force,,8.186,8.099,,,,,,,,,,,,,,,,8.186,8.099,,
FJI,Fiji,Unemployment rate,Percent of total labor force,,9,9,,,,,,,,,,,,,,,,9,9,,
FIN,Finland,Unemployment rate,Percent of total labor force,,7.7,7.6,,,,,,,,,,,,,,,,7.7,7.6,,
FRA,France,Unemployment rate,Percent of total labor force,,10.317,9.959,,,,,,,,,,,,,,,,10.317,9.959,,
GEO,Georgia,Unemployment rate,Percent of total labor force,,n/a,n/a,,,,,,,,,,,,,,,,n/a,n/a,,
DEU,Germany,Unemployment rate,Percent of total labor force,,5.164,5.175,,,,,,,,,,,,,,,,5.164,5.175,,
GRC,Greece,Unemployment rate,Percent of total labor force,,21.409,19.13,,,,,,,,,,,,,,,,21.409,19.13,,
HND,Honduras,Unemployment rate,Percent of total labor force,,4.5,4.5,,,,,,,,,,,,,,,,4.5,4.5,,
HKG,Hong Kong SAR,Unemployment rate,Percent of total labor force,,3.113,3.163,,,,,,,,,,,,,,,,3.113,3.163,,
HUN,Hungary,Unemployment rate,Percent of total labor force,,8.972,8.745,,,,,,,,,,,,,,,,8.972,8.745,,
ISL,Iceland,Unemployment rate,Percent of total labor force,,3.778,4.023,,,,,,,,,,,,,,,,3.778,4.023,,
IDN,Indonesia,Unemployment rate,Percent of total labor force,,5.6,5.5,,,,,,,,,,,,,,,,5.6,5.5,,
IRN,Islamic Republic of Iran,Unemployment rate,Percent of total labor force,,15.325,15.628,,,,,,,,,,,,,,,,15.325,15.628,,
IRL,Ireland,Unemployment rate,Percent of total labor force,,10.087,9.628,,,,,,,,,,,,,,,,10.087,9.628,,
ISR,Israel,Unemployment rate,Percent of total labor force,,6.5,6.5,,,,,,,,,,,,,,,,6.5,6.5,,
ITA,Italy,Unemployment rate,Percent of total labor force,,11.1,10.3,,,,,,,,,,,,,,,,11.1,10.3,,
JAM,Jamaica,Unemployment rate,Percent of total labor force,,14.9,14.9,,,,,,,,,,,,,,,,14.9,14.9,,
JPN,Japan,Unemployment rate,Percent of total labor force,,3.949,3.916,,,,,,,,,,,,,,,,3.949,3.916,,
JOR,Jordan,Unemployment rate,Percent of total labor force,,12.2,12.2,,,,,,,,,,,,,,,,12.2,12.2,,
KAZ,Kazakhstan,Unemployment rate,Percent of total labor force,,5.2,5.2,,,,,,,,,,,,,,,,5.2,5.2,,
KOR,Korea,Unemployment rate,Percent of total labor force,,3.125,3.125,,,,,,,,,,,,,,,,3.125,3.125,,
KWT,Kuwait,Unemployment rate,Percent of total labor force,,2.072,2.072,,,,,,,,,,,,,,,,2.072,2.072,,
KGZ,Kyrgyz Republic,Unemployment rate,Percent of total labor force,,7.372,7.281,,,,,,,,,,,,,,,,7.372,7.281,,
LVA,Latvia,Unemployment rate,Percent of total labor force,,9.646,9.282,,,,,,,,,,,,,,,,9.646,9.282,,
LTU,Lithuania,Unemployment rate,Percent of total labor force,,10.5,10.5,,,,,,,,,,,,,,,,10.5,10.5,,
LUX,Luxembourg,Unemployment rate,Percent of total labor force,,6.64,6.373,,,,,,,,,,,,,,,,6.64,6.373,,
MKD,FYR Macedonia,Unemployment rate,Percent of total labor force,,27.344,26.645,,,,,,,,,,,,,,,,27.344,26.645,,
MYS,Malaysia,Unemployment rate,Percent of total labor force,,3,3,,,,,,,,,,,,,,,,3,3,,
MLT,Malta,Unemployment rate,Percent of total labor force,,6.1,6.1,,,,,,,,,,,,,,,,6.1,6.1,,
MUS,Mauritius,Unemployment rate,Percent of total labor force,,n/a,n/a,,,,,,,,,,,,,,,,n/a,n/a,,
MEX,Mexico,Unemployment rate,Percent of total labor force,,4.25,4,,,,,,,,,,,,,,,,4.25,4,,
MDA,Moldova,Unemployment rate,Percent of total labor force,,5.4,5.5,,,,,,,,,,,,,,,,5.4,5.5,,
MNG,Mongolia,Unemployment rate,Percent of total labor force,,9.43,9.406,,,,,,,,,,,,,,,,9.43,9.406,,
MAR,Morocco,Unemployment rate,Percent of total labor force,,8.935,8.835,,,,,,,,,,,,,,,,8.935,8.835,,
MMR,Myanmar,Unemployment rate,Percent of total labor force,,4.02,4.02,,,,,,,,,,,,,,,,4.02,4.02,,
NLD,Netherlands,Unemployment rate,Percent of total labor force,,6.593,6.169,,,,,,,,,,,,,,,,6.593,6.169,,
NZL,New Zealand,Unemployment rate,Percent of total labor force,,4.621,4.501,,,,,,,,,,,,,,,,4.621,4.501,,
NIC,Nicaragua,Unemployment rate,Percent of total labor force,,5.863,5.863,,,,,,,,,,,,,,,,5.863,5.863,,
NGA,Nigeria,Unemployment rate,Percent of total labor force,,n/a,n/a,,,,,,,,,,,,,,,,n/a,n/a,,
NOR,Norway,Unemployment rate,Percent of total labor force,,3.5,3.5,,,,,,,,,,,,,,,,3.5,3.5,,
PAK,Pakistan,Unemployment rate,Percent of total labor force,,7.278,6.361,,,,,,,,,,,,,,,,7.278,6.361,,
PAN,Panama,Unemployment rate,Percent of total labor force,,4.5,4.5,,,,,,,,,,,,,,,,4.5,4.5,,
PRY,Paraguay,Unemployment rate,Percent of total labor force,,5.5,5.5,,,,,,,,,,,,,,,,5.5,5.5,,
PER,Peru,Unemployment rate,Percent of total labor force,,6,6,,,,,,,,,,,,,,,,6,6,,
PHL,Philippines,Unemployment rate,Percent of total labor force,,6.7,6.6,,,,,,,,,,,,,,,,6.7,6.6,,
POL,Poland,Unemployment rate,Percent of total labor force,,9.886,9.828,,,,,,,,,,,,,,,,9.886,9.828,,
PRT,Portugal,Unemployment rate,Percent of total labor force,,14.528,14.004,,,,,,,,,,,,,,,,14.528,14.004,,
ROU,Romania,Unemployment rate,Percent of total labor force,,6.889,6.75,,,,,,,,,,,,,,,,6.889,6.75,,
RUS,Russia,Unemployment rate,Percent of total labor force,,6,6,,,,,,,,,,,,,,,,6,6,,
SMR,San Marino,Unemployment rate,Percent of total labor force,,7.2,6.6,,,,,,,,,,,,,,,,7.2,6.6,,
STP,São Tomé and Príncipe,Unemployment rate,Percent of total labor force,,12.601,12.164,,,,,,,,,,,,,,,,12.601,12.164,,
SAU,Saudi Arabia,Unemployment rate,Percent of total labor force,,n/a,n/a,,,,,,,,,,,,,,,,n/a,n/a,,
SRB,Serbia,Unemployment rate,Percent of total labor force,,21.782,21.457,,,,,,,,,,,,,,,,21.782,21.457,,
SYC,Seychelles,Unemployment rate,Percent of total labor force,,2.684,3.684,,,,,,,,,,,,,,,,2.684,3.684,,
SGP,Singapore,Unemployment rate,Percent of total labor force,,2.2,2.2,,,,,,,,,,,,,,,,2.2,2.2,,
SVK,Slovak Republic,Unemployment rate,Percent of total labor force,,13.249,12.712,,,,,,,,,,,,,,,,13.249,12.712,,
SVN,Slovenia,Unemployment rate,Percent of total labor force,,9.412,8.868,,,,,,,,,,,,,,,,9.412,8.868,,
ZAF,South Africa,Unemployment rate,Percent of total labor force,,24.375,24.004,,,,,,,,,,,,,,,,24.375,24.004,,
ESP,Spain,Unemployment rate,Percent of total labor force,,24.171,23.429,,,,,,,,,,,,,,,,24.171,23.429,,
LKA,Sri Lanka,Unemployment rate,Percent of total labor force,,4,4,,,,,,,,,,,,,,,,4,4,,
SDN,Sudan,Unemployment rate,Percent of total labor force,,7.667,7.307,,,,,,,,,,,,,,,,7.667,7.307,,
SUR,Suriname,Unemployment rate,Percent of total labor force,,8.928,8.928,,,,,,,,,,,,,,,,8.928,8.928,,
SWE,Sweden,Unemployment rate,Percent of total labor force,,7.492,7.292,,,,,,,,,,,,,,,,7.492,7.292,,
CHE,Switzerland,Unemployment rate,Percent of total labor force,,2.877,2.823,,,,,,,,,,,,,,,,2.877,2.823,,
SYR,Syria,Unemployment rate,Percent of total labor force,,n/a,n/a,,,,,,,,,,,,,,,,n/a,n/a,,
TWN,Taiwan Province of China,Unemployment rate,Percent of total labor force,,4,4,,,,,,,,,,,,,,,,4,4,,
THA,Thailand,Unemployment rate,Percent of total labor force,,0.9,1,,,,,,,,,,,,,,,,0.9,1,,
TTO,Trinidad and Tobago,Unemployment rate,Percent of total labor force,,5,5,,,,,,,,,,,,,,,,5,5,,
TUN,Tunisia,Unemployment rate,Percent of total labor force,,14,13,,,,,,,,,,,,,,,,14,13,,
TUR,Turkey,Unemployment rate,Percent of total labor force,,10.598,10.598,,,,,,,,,,,,,,,,10.598,10.598,,
UKR,Ukraine,Unemployment rate,Percent of total labor force,,n/a,n/a,,,,,,,,,,,,,,,,n/a,n/a,,
GBR,United Kingdom,Unemployment rate,Percent of total labor force,,6.278,6.1,,,,,,,,,,,,,,,,6.278,6.1,,
USA,United States,Unemployment rate,Percent of total labor force,,6.061,5.818,,,,,,,,,,,,,,,,6.061,5.818,,
URY,Uruguay,Unemployment rate,Percent of total labor force,,7,7.1,,,,,,,,,,,,,,,,7,7.1,,
VEN,Venezuela,Unemployment rate,Percent of total labor force,,14.643,15.94,,,,,,,,,,,,,,,,14.643,15.94,,
VNM,Vietnam,Unemployment rate,Percent of total labor force,,4.424,4.424,,,,,,,,,,,,,,,,4.424,4.424,,